connection_id,entity_name,connection_type,place_name,status,confidence,source_magazine,issue_label,source_url
connection:source-item-crash-028-dr-who-competition:micropower:candidate,Micropower,reported connection requiring verification,,candidate,low,Crash,CRASH issue 028,https://www.crashonline.org.uk/28/index.htm
connection:source-item-crash-064-budget-bureau:zeppelin:probable,Zeppelin,publisher only - North East attribution awaiting review,Newcastle upon Tyne,probable,medium,Crash,CRASH issue 064,https://www.crashonline.org.uk/64/index.htm
connection:source-item-crash-096-happenings:zeppelin:probable,Zeppelin,publisher only - North East attribution awaiting review,Newcastle upon Tyne,probable,medium,Crash,CRASH issue 096,https://www.crashonline.org.uk/96/happenings.htm
connection:source-item-globalnet-spot-2088-zeppelin-games:zeppelin-games:probable,Zeppelin Games,publisher only - North East attribution awaiting review,Newcastle upon Tyne,probable,medium,Spot On,SPOT FGAMES link 1216,http://www.users.globalnet.co.uk/~jg27paw4/spot-on/spotdata.zip
connection:source-item-globalnet-spot-4-great-games-2-micro-value:micro-value:probable,Micro Value,publisher only - North East attribution awaiting review,Blaydon,probable,medium,Spot On,SPOT FGAMES link 6165,http://www.users.globalnet.co.uk/~jg27paw4/spot-on/spotdata.zip
connection:source-item-globalnet-spot-4-great-games-3-micro-value:micro-value:probable,Micro Value,publisher only - North East attribution awaiting review,Blaydon,probable,medium,Spot On,SPOT FGAMES link 4019,http://www.users.globalnet.co.uk/~jg27paw4/spot-on/spotdata.zip
connection:source-item-globalnet-spot-4x4-combat-pack-zeppelin-games:zeppelin-games:probable,Zeppelin Games,publisher only - North East attribution awaiting review,Newcastle upon Tyne,probable,medium,Spot On,SPOT FGAMES link 3977,http://www.users.globalnet.co.uk/~jg27paw4/spot-on/spotdata.zip
connection:source-item-globalnet-spot-all-american-basketball-zeppelin-games:zeppelin-games:probable,Zeppelin Games,publisher only - North East attribution awaiting review,Newcastle upon Tyne,probable,medium,Spot On,SPOT FGAMES link 5307,http://www.users.globalnet.co.uk/~jg27paw4/spot-on/spotdata.zip
connection:source-item-globalnet-spot-american-3d-pool-zeppelin-games:zeppelin-games:probable,Zeppelin Games,publisher only - North East attribution awaiting review,Newcastle upon Tyne,probable,medium,Spot On,SPOT FGAMES link 5242,http://www.users.globalnet.co.uk/~jg27paw4/spot-on/spotdata.zip
connection:source-item-globalnet-spot-american-football-audiogenic-software:audiogenic:probable,Audiogenic,publisher only - external publisher attribution awaiting review,Newcastle upon Tyne,probable,medium,Spot On,SPOT FGAMES link 6095,http://www.users.globalnet.co.uk/~jg27paw4/spot-on/spotdata.zip
connection:source-item-globalnet-spot-american-tag-team-wrestling-zeppelin-games:zeppelin-games:probable,Zeppelin Games,publisher only - North East attribution awaiting review,Newcastle upon Tyne,probable,medium,Spot On,SPOT FGAMES link 5268,http://www.users.globalnet.co.uk/~jg27paw4/spot-on/spotdata.zip
connection:source-item-globalnet-spot-and-all-because-superior-software:superior-software:candidate,Superior Software,reported connection requiring verification,,candidate,low,Spot On,SPOT FGAMES link 6791,http://www.users.globalnet.co.uk/~jg27paw4/spot-on/spotdata.zip
connection:source-item-globalnet-spot-arcade-fruit-machine-zeppelin-games:zeppelin-games:probable,Zeppelin Games,publisher only - North East attribution awaiting review,Newcastle upon Tyne,probable,medium,Spot On,SPOT FGAMES link 2504,http://www.users.globalnet.co.uk/~jg27paw4/spot-on/spotdata.zip
connection:source-item-globalnet-spot-arcade-trivia-quiz-zeppelin-games:zeppelin-games:probable,Zeppelin Games,publisher only - North East attribution awaiting review,Newcastle upon Tyne,probable,medium,Spot On,SPOT FGAMES link 2501,http://www.users.globalnet.co.uk/~jg27paw4/spot-on/spotdata.zip
connection:source-item-globalnet-spot-audiogenic-audiogenic-software:audiogenic:probable,Audiogenic,publisher only - external publisher attribution awaiting review,Newcastle upon Tyne,probable,medium,Spot On,SPOT FGAMES link 6048,http://www.users.globalnet.co.uk/~jg27paw4/spot-on/spotdata.zip
connection:source-item-globalnet-spot-auf-wiedersehen-pet-tynesoft:tynesoft:probable,Tynesoft,publisher only - North East attribution awaiting review,Blaydon,probable,medium,Spot On,SPOT FGAMES link 4748,http://www.users.globalnet.co.uk/~jg27paw4/spot-on/spotdata.zip
connection:source-item-globalnet-spot-battle-tank-simulator-zeppelin-games:zeppelin-games:probable,Zeppelin Games,publisher only - North East attribution awaiting review,Newcastle upon Tyne,probable,medium,Spot On,SPOT FGAMES link 6612,http://www.users.globalnet.co.uk/~jg27paw4/spot-on/spotdata.zip
connection:source-item-globalnet-spot-beverly-hills-cop-tynesoft:tynesoft:probable,Tynesoft,publisher only - North East attribution awaiting review,Blaydon,probable,medium,Spot On,SPOT FGAMES link 4949,http://www.users.globalnet.co.uk/~jg27paw4/spot-on/spotdata.zip
connection:source-item-globalnet-spot-bingo-tynesoft:tynesoft:probable,Tynesoft,publisher only - North East attribution awaiting review,Blaydon,probable,medium,Spot On,SPOT FGAMES link 5719,http://www.users.globalnet.co.uk/~jg27paw4/spot-on/spotdata.zip
connection:source-item-globalnet-spot-bionic-ninja-zeppelin-games:zeppelin-games:probable,Zeppelin Games,publisher only - North East attribution awaiting review,Newcastle upon Tyne,probable,medium,Spot On,SPOT FGAMES link 7489,http://www.users.globalnet.co.uk/~jg27paw4/spot-on/spotdata.zip
connection:source-item-globalnet-spot-blinky-in-america-zeppelin-games:zeppelin-games:probable,Zeppelin Games,publisher only - North East attribution awaiting review,Newcastle upon Tyne,probable,medium,Spot On,SPOT FGAMES link 5594,http://www.users.globalnet.co.uk/~jg27paw4/spot-on/spotdata.zip
connection:source-item-globalnet-spot-blinkys-scary-school-zeppelin-games:zeppelin-games:probable,Zeppelin Games,publisher only - North East attribution awaiting review,Newcastle upon Tyne,probable,medium,Spot On,SPOT FGAMES link 2486,http://www.users.globalnet.co.uk/~jg27paw4/spot-on/spotdata.zip
connection:source-item-globalnet-spot-buffalo-bills-wild-west-rodeo-show-tynesoft:tynesoft:probable,Tynesoft,publisher only - North East attribution awaiting review,Blaydon,probable,medium,Spot On,SPOT FGAMES link 2332,http://www.users.globalnet.co.uk/~jg27paw4/spot-on/spotdata.zip
connection:source-item-globalnet-spot-bug-eyes-icon-software:icon-software:probable,Icon Software,publisher only - North East attribution awaiting review,Newcastle upon Tyne,probable,medium,Spot On,SPOT FGAMES link 1969,http://www.users.globalnet.co.uk/~jg27paw4/spot-on/spotdata.zip
connection:source-item-globalnet-spot-by-fair-means-or-foul-superior-software:superior-software:candidate,Superior Software,reported connection requiring verification,,candidate,low,Spot On,SPOT FGAMES link 1486,http://www.users.globalnet.co.uk/~jg27paw4/spot-on/spotdata.zip
connection:source-item-globalnet-spot-championship-3d-snooker-zeppelin-games:zeppelin-games:probable,Zeppelin Games,publisher only - North East attribution awaiting review,Newcastle upon Tyne,probable,medium,Spot On,SPOT FGAMES link 5270,http://www.users.globalnet.co.uk/~jg27paw4/spot-on/spotdata.zip
connection:source-item-globalnet-spot-chinatown-zeppelin-games:zeppelin-games:probable,Zeppelin Games,publisher only - North East attribution awaiting review,Newcastle upon Tyne,probable,medium,Spot On,SPOT FGAMES link 6103,http://www.users.globalnet.co.uk/~jg27paw4/spot-on/spotdata.zip
connection:source-item-globalnet-spot-circus-games-tynesoft:tynesoft:probable,Tynesoft,publisher only - North East attribution awaiting review,Blaydon,probable,medium,Spot On,SPOT FGAMES link 1512,http://www.users.globalnet.co.uk/~jg27paw4/spot-on/spotdata.zip
connection:source-item-globalnet-spot-colin-the-cleaner-who-said-that-tynesoft:tynesoft:probable,Tynesoft,publisher only - North East attribution awaiting review,Blaydon,probable,medium,Spot On,SPOT FGAMES link 4110,http://www.users.globalnet.co.uk/~jg27paw4/spot-on/spotdata.zip
connection:source-item-globalnet-spot-combat-pack-3-zeppelin-games:zeppelin-games:probable,Zeppelin Games,publisher only - North East attribution awaiting review,Newcastle upon Tyne,probable,medium,Spot On,SPOT FGAMES link 5610,http://www.users.globalnet.co.uk/~jg27paw4/spot-on/spotdata.zip
connection:source-item-globalnet-spot-dargons-crypt-venom-games:venom-games:candidate,Venom Games,reported connection requiring verification,,candidate,low,Spot On,SPOT FGAMES link 4645,http://www.users.globalnet.co.uk/~jg27paw4/spot-on/spotdata.zip
connection:source-item-globalnet-spot-data-genie-audiogenic-software:audiogenic:probable,Audiogenic,publisher only - external publisher attribution awaiting review,Newcastle upon Tyne,probable,medium,Spot On,SPOT FGAMES link 5398,http://www.users.globalnet.co.uk/~jg27paw4/spot-on/spotdata.zip
connection:source-item-globalnet-spot-dirt-track-racer-zeppelin-games:zeppelin-games:probable,Zeppelin Games,publisher only - North East attribution awaiting review,Newcastle upon Tyne,probable,medium,Spot On,SPOT FGAMES link 4083,http://www.users.globalnet.co.uk/~jg27paw4/spot-on/spotdata.zip
connection:source-item-globalnet-spot-doc-crocs-outrageous-adventures-zeppelin-games:zeppelin-games:probable,Zeppelin Games,publisher only - North East attribution awaiting review,Newcastle upon Tyne,probable,medium,Spot On,SPOT FGAMES link 5312,http://www.users.globalnet.co.uk/~jg27paw4/spot-on/spotdata.zip
connection:source-item-globalnet-spot-draconus-zeppelin-games:zeppelin-games:probable,Zeppelin Games,publisher only - North East attribution awaiting review,Newcastle upon Tyne,probable,medium,Spot On,SPOT FGAMES link 1329,http://www.users.globalnet.co.uk/~jg27paw4/spot-on/spotdata.zip
connection:source-item-globalnet-spot-elvira-the-arcade-game-flair-software:flair-software:candidate,Flair Software,reported connection requiring verification,,candidate,low,Spot On,SPOT FGAMES link 6904,http://www.users.globalnet.co.uk/~jg27paw4/spot-on/spotdata.zip
connection:source-item-globalnet-spot-emlyn-hughes-arcade-quiz-audiogenic-software:audiogenic:probable,Audiogenic,publisher only - external publisher attribution awaiting review,Newcastle upon Tyne,probable,medium,Spot On,SPOT FGAMES link 2451,http://www.users.globalnet.co.uk/~jg27paw4/spot-on/spotdata.zip
connection:source-item-globalnet-spot-emlyn-hughes-international-soccer-audiogenic-software:audiogenic:probable,Audiogenic,publisher only - external publisher attribution awaiting review,Newcastle upon Tyne,probable,medium,Spot On,SPOT FGAMES link 2437,http://www.users.globalnet.co.uk/~jg27paw4/spot-on/spotdata.zip
connection:source-item-globalnet-spot-exterminator-audiogenic-software:audiogenic:probable,Audiogenic,publisher only - external publisher attribution awaiting review,Newcastle upon Tyne,probable,medium,Spot On,SPOT FGAMES link 2614,http://www.users.globalnet.co.uk/~jg27paw4/spot-on/spotdata.zip
connection:source-item-globalnet-spot-f-1-tornado-zeppelin-games:zeppelin-games:probable,Zeppelin Games,publisher only - North East attribution awaiting review,Newcastle upon Tyne,probable,medium,Spot On,SPOT FGAMES link 2659,http://www.users.globalnet.co.uk/~jg27paw4/spot-on/spotdata.zip
connection:source-item-globalnet-spot-fantastic-american-football-zeppelin-games:zeppelin-games:probable,Zeppelin Games,publisher only - North East attribution awaiting review,Newcastle upon Tyne,probable,medium,Spot On,SPOT FGAMES link 2582,http://www.users.globalnet.co.uk/~jg27paw4/spot-on/spotdata.zip
connection:source-item-globalnet-spot-frankenstein-2000-icon-software:icon-software:probable,Icon Software,publisher only - North East attribution awaiting review,Newcastle upon Tyne,probable,medium,Spot On,SPOT FGAMES link 483,http://www.users.globalnet.co.uk/~jg27paw4/spot-on/spotdata.zip
connection:source-item-globalnet-spot-frontline-zeppelin-games:zeppelin-games:probable,Zeppelin Games,publisher only - North East attribution awaiting review,Newcastle upon Tyne,probable,medium,Spot On,SPOT FGAMES link 2240,http://www.users.globalnet.co.uk/~jg27paw4/spot-on/spotdata.zip
connection:source-item-globalnet-spot-full-throttle-2-zeppelin-games:zeppelin-games:probable,Zeppelin Games,publisher only - North East attribution awaiting review,Newcastle upon Tyne,probable,medium,Spot On,SPOT FGAMES link 4058,http://www.users.globalnet.co.uk/~jg27paw4/spot-on/spotdata.zip
connection:source-item-globalnet-spot-graeme-souness-soccer-manager-zeppelin-games:zeppelin-games:probable,Zeppelin Games,publisher only - North East attribution awaiting review,Newcastle upon Tyne,probable,medium,Spot On,SPOT FGAMES link 5271,http://www.users.globalnet.co.uk/~jg27paw4/spot-on/spotdata.zip
connection:source-item-globalnet-spot-graham-goochs-test-cricket-audiogenic-software:audiogenic:probable,Audiogenic,publisher only - external publisher attribution awaiting review,Newcastle upon Tyne,probable,medium,Spot On,SPOT FGAMES link 1849,http://www.users.globalnet.co.uk/~jg27paw4/spot-on/spotdata.zip
connection:source-item-globalnet-spot-helter-skelter-audiogenic-software:audiogenic:probable,Audiogenic,publisher only - external publisher attribution awaiting review,Newcastle upon Tyne,probable,medium,Spot On,SPOT FGAMES link 2630,http://www.users.globalnet.co.uk/~jg27paw4/spot-on/spotdata.zip
connection:source-item-globalnet-spot-hit-pack-1-zeppelin-games:zeppelin-games:probable,Zeppelin Games,publisher only - North East attribution awaiting review,Newcastle upon Tyne,probable,medium,Spot On,SPOT FGAMES link 5261,http://www.users.globalnet.co.uk/~jg27paw4/spot-on/spotdata.zip
connection:source-item-globalnet-spot-hit-pack-2-zeppelin-games:zeppelin-games:probable,Zeppelin Games,publisher only - North East attribution awaiting review,Newcastle upon Tyne,probable,medium,Spot On,SPOT FGAMES link 5276,http://www.users.globalnet.co.uk/~jg27paw4/spot-on/spotdata.zip
connection:source-item-globalnet-spot-ian-bothams-test-match-tynesoft:tynesoft:probable,Tynesoft,publisher only - North East attribution awaiting review,Blaydon,probable,medium,Spot On,SPOT FGAMES link 5793,http://www.users.globalnet.co.uk/~jg27paw4/spot-on/spotdata.zip
connection:source-item-globalnet-spot-icon-graphix-audiogenic-software:audiogenic:probable,Audiogenic,publisher only - external publisher attribution awaiting review,Newcastle upon Tyne,probable,medium,Spot On,SPOT FGAMES link 721,http://www.users.globalnet.co.uk/~jg27paw4/spot-on/spotdata.zip
connection:source-item-globalnet-spot-impact-audiogenic-software:audiogenic:probable,Audiogenic,publisher only - external publisher attribution awaiting review,Newcastle upon Tyne,probable,medium,Spot On,SPOT FGAMES link 1122,http://www.users.globalnet.co.uk/~jg27paw4/spot-on/spotdata.zip
connection:source-item-globalnet-spot-international-five-a-side-football-zeppelin-games:zeppelin-games:probable,Zeppelin Games,publisher only - North East attribution awaiting review,Newcastle upon Tyne,probable,medium,Spot On,SPOT FGAMES link 5269,http://www.users.globalnet.co.uk/~jg27paw4/spot-on/spotdata.zip
connection:source-item-globalnet-spot-international-tennis-zeppelin-games:zeppelin-games:probable,Zeppelin Games,publisher only - North East attribution awaiting review,Newcastle upon Tyne,probable,medium,Spot On,SPOT FGAMES link 5294,http://www.users.globalnet.co.uk/~jg27paw4/spot-on/spotdata.zip
connection:source-item-globalnet-spot-jocky-wilsons-compendium-of-darts-zeppelin-games:zeppelin-games:probable,Zeppelin Games,publisher only - North East attribution awaiting review,Newcastle upon Tyne,probable,medium,Spot On,SPOT FGAMES link 4875,http://www.users.globalnet.co.uk/~jg27paw4/spot-on/spotdata.zip
connection:source-item-globalnet-spot-jocky-wilsons-darts-challenge-zeppelin-games:zeppelin-games:probable,Zeppelin Games,publisher only - North East attribution awaiting review,Newcastle upon Tyne,probable,medium,Spot On,SPOT FGAMES link 1536,http://www.users.globalnet.co.uk/~jg27paw4/spot-on/spotdata.zip
connection:source-item-globalnet-spot-kawasaki-zeppelin-games:zeppelin-games:probable,Zeppelin Games,publisher only - North East attribution awaiting review,Newcastle upon Tyne,probable,medium,Spot On,SPOT FGAMES link 5164,http://www.users.globalnet.co.uk/~jg27paw4/spot-on/spotdata.zip
connection:source-item-globalnet-spot-kickbox-vigilante-zeppelin-games:zeppelin-games:probable,Zeppelin Games,publisher only - North East attribution awaiting review,Newcastle upon Tyne,probable,medium,Spot On,SPOT FGAMES link 2660,http://www.users.globalnet.co.uk/~jg27paw4/spot-on/spotdata.zip
connection:source-item-globalnet-spot-las-vegas-casino-zeppelin-games:zeppelin-games:probable,Zeppelin Games,publisher only - North East attribution awaiting review,Newcastle upon Tyne,probable,medium,Spot On,SPOT FGAMES link 1518,http://www.users.globalnet.co.uk/~jg27paw4/spot-on/spotdata.zip
connection:source-item-globalnet-spot-lone-wolf-the-mirror-of-death-audiogenic-software:audiogenic:probable,Audiogenic,publisher only - external publisher attribution awaiting review,Newcastle upon Tyne,probable,medium,Spot On,SPOT FGAMES link 3777,http://www.users.globalnet.co.uk/~jg27paw4/spot-on/spotdata.zip
connection:source-item-globalnet-spot-loopz-audiogenic-software:audiogenic:probable,Audiogenic,publisher only - external publisher attribution awaiting review,Newcastle upon Tyne,probable,medium,Spot On,SPOT FGAMES link 2649,http://www.users.globalnet.co.uk/~jg27paw4/spot-on/spotdata.zip
connection:source-item-globalnet-spot-lunar-buggy-robert-stockton:lunar-buggy:candidate,Lunar Buggy,reported connection requiring verification,Stockton-on-Tees,candidate,low,Spot On,SPOT FGAMES link 2779,http://www.users.globalnet.co.uk/~jg27paw4/spot-on/spotdata.zip
connection:source-item-globalnet-spot-lunar-flights-robert-stockton:lunar-flights:candidate,Lunar Flights,reported connection requiring verification,Stockton-on-Tees,candidate,low,Spot On,SPOT FGAMES link 4337,http://www.users.globalnet.co.uk/~jg27paw4/spot-on/spotdata.zip
connection:source-item-globalnet-spot-match-of-the-day-zeppelin-games:zeppelin-games:probable,Zeppelin Games,publisher only - North East attribution awaiting review,Newcastle upon Tyne,probable,medium,Spot On,SPOT FGAMES link 3952,http://www.users.globalnet.co.uk/~jg27paw4/spot-on/spotdata.zip
connection:source-item-globalnet-spot-merry-xmas-santa-icon-software:icon-software:probable,Icon Software,publisher only - North East attribution awaiting review,Newcastle upon Tyne,probable,medium,Spot On,SPOT FGAMES link 7556,http://www.users.globalnet.co.uk/~jg27paw4/spot-on/spotdata.zip
connection:source-item-globalnet-spot-micro-value-pack-tynesoft:tynesoft:probable,Tynesoft,publisher only - North East attribution awaiting review,Blaydon,probable,medium,Spot On,SPOT FGAMES link 4647,http://www.users.globalnet.co.uk/~jg27paw4/spot-on/spotdata.zip
connection:source-item-globalnet-spot-mountain-bike-racer-zeppelin-games:zeppelin-games:probable,Zeppelin Games,publisher only - North East attribution awaiting review,Newcastle upon Tyne,probable,medium,Spot On,SPOT FGAMES link 2502,http://www.users.globalnet.co.uk/~jg27paw4/spot-on/spotdata.zip
connection:source-item-globalnet-spot-ninja-commando-zeppelin-games:zeppelin-games:probable,Zeppelin Games,publisher only - North East attribution awaiting review,Newcastle upon Tyne,probable,medium,Spot On,SPOT FGAMES link 3910,http://www.users.globalnet.co.uk/~jg27paw4/spot-on/spotdata.zip
connection:source-item-globalnet-spot-para-assault-course-zeppelin-games:zeppelin-games:probable,Zeppelin Games,publisher only - North East attribution awaiting review,Newcastle upon Tyne,probable,medium,Spot On,SPOT FGAMES link 2308,http://www.users.globalnet.co.uk/~jg27paw4/spot-on/spotdata.zip
connection:source-item-globalnet-spot-pass-your-driving-test-audiogenic-software:audiogenic:probable,Audiogenic,publisher only - external publisher attribution awaiting review,Newcastle upon Tyne,probable,medium,Spot On,SPOT FGAMES link 2054,http://www.users.globalnet.co.uk/~jg27paw4/spot-on/spotdata.zip
connection:source-item-globalnet-spot-phileas-foggs-balloon-battles-zeppelin-games:zeppelin-games:probable,Zeppelin Games,publisher only - North East attribution awaiting review,Newcastle upon Tyne,probable,medium,Spot On,SPOT FGAMES link 4172,http://www.users.globalnet.co.uk/~jg27paw4/spot-on/spotdata.zip
connection:source-item-globalnet-spot-professional-go-kart-simulator-zeppelin-games:zeppelin-games:probable,Zeppelin Games,publisher only - North East attribution awaiting review,Newcastle upon Tyne,probable,medium,Spot On,SPOT FGAMES link 3794,http://www.users.globalnet.co.uk/~jg27paw4/spot-on/spotdata.zip
connection:source-item-globalnet-spot-q-10-tankbuster-zeppelin-games:zeppelin-games:probable,Zeppelin Games,publisher only - North East attribution awaiting review,Newcastle upon Tyne,probable,medium,Spot On,SPOT FGAMES link 5241,http://www.users.globalnet.co.uk/~jg27paw4/spot-on/spotdata.zip
connection:source-item-globalnet-spot-race-pack-4-zeppelin-games:zeppelin-games:probable,Zeppelin Games,publisher only - North East attribution awaiting review,Newcastle upon Tyne,probable,medium,Spot On,SPOT FGAMES link 5297,http://www.users.globalnet.co.uk/~jg27paw4/spot-on/spotdata.zip
connection:source-item-globalnet-spot-rally-simulator-zeppelin-games:zeppelin-games:probable,Zeppelin Games,publisher only - North East attribution awaiting review,Newcastle upon Tyne,probable,medium,Spot On,SPOT FGAMES link 1537,http://www.users.globalnet.co.uk/~jg27paw4/spot-on/spotdata.zip
connection:source-item-globalnet-spot-reflections-artic-computing:reflections:probable,Reflections,publisher only - North East attribution awaiting review,Newcastle upon Tyne,probable,medium,Spot On,SPOT FGAMES link 5065,http://www.users.globalnet.co.uk/~jg27paw4/spot-on/spotdata.zip
connection:source-item-globalnet-spot-repton-mania-superior-software:superior-software:candidate,Superior Software,reported connection requiring verification,,candidate,low,Spot On,SPOT FGAMES link 1369,http://www.users.globalnet.co.uk/~jg27paw4/spot-on/spotdata.zip
connection:source-item-globalnet-spot-repton-superior-software:superior-software:candidate,Superior Software,reported connection requiring verification,,candidate,low,Spot On,SPOT FGAMES link 6393,http://www.users.globalnet.co.uk/~jg27paw4/spot-on/spotdata.zip
connection:source-item-globalnet-spot-sabotage-zeppelin-games:zeppelin-games:probable,Zeppelin Games,publisher only - North East attribution awaiting review,Newcastle upon Tyne,probable,medium,Spot On,SPOT FGAMES link 1270,http://www.users.globalnet.co.uk/~jg27paw4/spot-on/spotdata.zip
connection:source-item-globalnet-spot-santas-christmas-caper-zeppelin-games:zeppelin-games:probable,Zeppelin Games,publisher only - North East attribution awaiting review,Newcastle upon Tyne,probable,medium,Spot On,SPOT FGAMES link 5025,http://www.users.globalnet.co.uk/~jg27paw4/spot-on/spotdata.zip
connection:source-item-globalnet-spot-sharkeys-moll-zeppelin-games:zeppelin-games:probable,Zeppelin Games,publisher only - North East attribution awaiting review,Newcastle upon Tyne,probable,medium,Spot On,SPOT FGAMES link 4070,http://www.users.globalnet.co.uk/~jg27paw4/spot-on/spotdata.zip
connection:source-item-globalnet-spot-sleepwalker-zeppelin-games:zeppelin-games:probable,Zeppelin Games,publisher only - North East attribution awaiting review,Newcastle upon Tyne,probable,medium,Spot On,SPOT FGAMES link 3959,http://www.users.globalnet.co.uk/~jg27paw4/spot-on/spotdata.zip
connection:source-item-globalnet-spot-snake-robert-stockton:snake:candidate,Snake,reported connection requiring verification,Stockton-on-Tees,candidate,low,Spot On,SPOT FGAMES link 2817,http://www.users.globalnet.co.uk/~jg27paw4/spot-on/spotdata.zip
connection:source-item-globalnet-spot-spaghetti-western-simulator-zeppelin-games:zeppelin-games:probable,Zeppelin Games,publisher only - North East attribution awaiting review,Newcastle upon Tyne,probable,medium,Spot On,SPOT FGAMES link 2577,http://www.users.globalnet.co.uk/~jg27paw4/spot-on/spotdata.zip
connection:source-item-globalnet-spot-stack-up-zeppelin-games:zeppelin-games:probable,Zeppelin Games,publisher only - North East attribution awaiting review,Newcastle upon Tyne,probable,medium,Spot On,SPOT FGAMES link 4082,http://www.users.globalnet.co.uk/~jg27paw4/spot-on/spotdata.zip
connection:source-item-globalnet-spot-summer-olympiad-tynesoft:tynesoft:probable,Tynesoft,publisher only - North East attribution awaiting review,Blaydon,probable,medium,Spot On,SPOT FGAMES link 4029,http://www.users.globalnet.co.uk/~jg27paw4/spot-on/spotdata.zip
connection:source-item-globalnet-spot-super-gran-the-adventure-tynesoft:tynesoft:probable,Tynesoft,publisher only - North East attribution awaiting review,Blaydon,probable,medium,Spot On,SPOT FGAMES link 5678,http://www.users.globalnet.co.uk/~jg27paw4/spot-on/spotdata.zip
connection:source-item-globalnet-spot-super-gran-tynesoft:tynesoft:probable,Tynesoft,publisher only - North East attribution awaiting review,Blaydon,probable,medium,Spot On,SPOT FGAMES link 1810,http://www.users.globalnet.co.uk/~jg27paw4/spot-on/spotdata.zip
connection:source-item-globalnet-spot-superior-software-superior-software:superior-software:candidate,Superior Software,reported connection requiring verification,,candidate,low,Spot On,SPOT FGAMES link 6035,http://www.users.globalnet.co.uk/~jg27paw4/spot-on/spotdata.zip
connection:source-item-globalnet-spot-superman-the-man-of-steel-tynesoft:tynesoft:probable,Tynesoft,publisher only - North East attribution awaiting review,Blaydon,probable,medium,Spot On,SPOT FGAMES link 4051,http://www.users.globalnet.co.uk/~jg27paw4/spot-on/spotdata.zip
connection:source-item-globalnet-spot-sword-of-the-samurai-zeppelin-games:zeppelin-games:probable,Zeppelin Games,publisher only - North East attribution awaiting review,Newcastle upon Tyne,probable,medium,Spot On,SPOT FGAMES link 5291,http://www.users.globalnet.co.uk/~jg27paw4/spot-on/spotdata.zip
connection:source-item-globalnet-spot-tai-chi-tortoise-zeppelin-games:zeppelin-games:probable,Zeppelin Games,publisher only - North East attribution awaiting review,Newcastle upon Tyne,probable,medium,Spot On,SPOT FGAMES link 4824,http://www.users.globalnet.co.uk/~jg27paw4/spot-on/spotdata.zip
connection:source-item-globalnet-spot-titanic-blinky-zeppelin-games:zeppelin-games:probable,Zeppelin Games,publisher only - North East attribution awaiting review,Newcastle upon Tyne,probable,medium,Spot On,SPOT FGAMES link 4658,http://www.users.globalnet.co.uk/~jg27paw4/spot-on/spotdata.zip
connection:source-item-globalnet-spot-tynesoft-tynesoft:tynesoft:probable,Tynesoft,publisher only - North East attribution awaiting review,Blaydon,probable,medium,Spot On,SPOT FGAMES link 6083,http://www.users.globalnet.co.uk/~jg27paw4/spot-on/spotdata.zip
connection:source-item-globalnet-spot-who-said-that-colin-the-cleaner-tynesoft:tynesoft:probable,Tynesoft,publisher only - North East attribution awaiting review,Blaydon,probable,medium,Spot On,SPOT FGAMES link 4111,http://www.users.globalnet.co.uk/~jg27paw4/spot-on/spotdata.zip
connection:source-item-globalnet-spot-winter-olympiad-88-tynesoft:tynesoft:probable,Tynesoft,publisher only - North East attribution awaiting review,Blaydon,probable,medium,Spot On,SPOT FGAMES link 2161,http://www.users.globalnet.co.uk/~jg27paw4/spot-on/spotdata.zip
connection:source-item-globalnet-spot-world-class-cricket-audiogenic-software:audiogenic:probable,Audiogenic,publisher only - external publisher attribution awaiting review,Newcastle upon Tyne,probable,medium,Spot On,SPOT FGAMES link 6090,http://www.users.globalnet.co.uk/~jg27paw4/spot-on/spotdata.zip
connection:source-item-globalnet-spot-world-class-rugby-audiogenic-software:audiogenic:probable,Audiogenic,publisher only - external publisher attribution awaiting review,Newcastle upon Tyne,probable,medium,Spot On,SPOT FGAMES link 4606,http://www.users.globalnet.co.uk/~jg27paw4/spot-on/spotdata.zip
connection:source-item-globalnet-spot-world-cricket-zeppelin-games:zeppelin-games:probable,Zeppelin Games,publisher only - North East attribution awaiting review,Newcastle upon Tyne,probable,medium,Spot On,SPOT FGAMES link 4174,http://www.users.globalnet.co.uk/~jg27paw4/spot-on/spotdata.zip
connection:source-item-globalnet-spot-world-rugby-zeppelin-games:zeppelin-games:probable,Zeppelin Games,publisher only - North East attribution awaiting review,Newcastle upon Tyne,probable,medium,Spot On,SPOT FGAMES link 5319,http://www.users.globalnet.co.uk/~jg27paw4/spot-on/spotdata.zip
connection:source-item-globalnet-spot-world-soccer-zeppelin-games:zeppelin-games:probable,Zeppelin Games,publisher only - North East attribution awaiting review,Newcastle upon Tyne,probable,medium,Spot On,SPOT FGAMES link 2505,http://www.users.globalnet.co.uk/~jg27paw4/spot-on/spotdata.zip
connection:source-item-globalnet-spot-wreckers-audiogenic-software:audiogenic:probable,Audiogenic,publisher only - external publisher attribution awaiting review,Newcastle upon Tyne,probable,medium,Spot On,SPOT FGAMES link 2675,http://www.users.globalnet.co.uk/~jg27paw4/spot-on/spotdata.zip
connection:source-item-globalnet-spot-you-are-santa-claus-zeppelin-games:zeppelin-games:probable,Zeppelin Games,publisher only - North East attribution awaiting review,Newcastle upon Tyne,probable,medium,Spot On,SPOT FGAMES link 2647,http://www.users.globalnet.co.uk/~jg27paw4/spot-on/spotdata.zip
connection:source-item-globalnet-spot-zeppelin-games-zeppelin-games:zeppelin-games:probable,Zeppelin Games,publisher only - North East attribution awaiting review,Newcastle upon Tyne,probable,medium,Spot On,SPOT FGAMES link 6006,http://www.users.globalnet.co.uk/~jg27paw4/spot-on/spotdata.zip
connection:source-item-globalnet-spot-zybex-zeppelin-games:zeppelin-games:probable,Zeppelin Games,publisher only - North East attribution awaiting review,Newcastle upon Tyne,probable,medium,Spot On,SPOT FGAMES link 2309,http://www.users.globalnet.co.uk/~jg27paw4/spot-on/spotdata.zip
connection:source-item-sinclair-user-supplement-049-audiogenic:audiogenic:probable,Audiogenic,publisher only - external publisher attribution awaiting review,Newcastle upon Tyne,probable,medium,Sinclair User,Sinclair User archive issue 49,https://sinclairuser.com/049/index.htm
connection:source-item-sinclair-user-supplement-073-audiogenic:audiogenic:probable,Audiogenic,publisher only - external publisher attribution awaiting review,Newcastle upon Tyne,probable,medium,Sinclair User,Sinclair User archive issue 73,https://sinclairuser.com/073/index.htm
connection:source-item-sinclair-user-supplement-075-zeppelin-games:zeppelin-games:probable,Zeppelin Games,publisher only - North East attribution awaiting review,Newcastle upon Tyne,probable,medium,Sinclair User,Sinclair User archive issue 75,https://sinclairuser.com/075/index.htm
connection:source-item-sinclair-user-supplement-080-zeppelin:zeppelin:probable,Zeppelin,publisher only - North East attribution awaiting review,Newcastle upon Tyne,probable,medium,Sinclair User,Sinclair User archive issue 80,https://sinclairuser.com/080/index.htm
connection:source-item-sinclair-user-supplement-081-superior:superior-software:candidate,Superior Software,reported connection requiring verification,,candidate,low,Sinclair User,Sinclair User archive issue 81,https://sinclairuser.com/081/index.htm
connection:source-item-sinclair-user-supplement-082-zeppelin:zeppelin:probable,Zeppelin,publisher only - North East attribution awaiting review,Newcastle upon Tyne,probable,medium,Sinclair User,Sinclair User archive issue 82,https://sinclairuser.com/082/index.htm
connection:source-item-sinclair-user-supplement-083-tynesoft:tynesoft:probable,Tynesoft,publisher only - North East attribution awaiting review,Blaydon,probable,medium,Sinclair User,Sinclair User archive issue 83,https://sinclairuser.com/083/index.htm
connection:source-item-sinclair-user-supplement-084-audiogenic:audiogenic:probable,Audiogenic,publisher only - external publisher attribution awaiting review,Newcastle upon Tyne,probable,medium,Sinclair User,Sinclair User archive issue 84,https://sinclairuser.com/084/index.htm
connection:source-item-sinclair-user-supplement-084-zeppelin:zeppelin:probable,Zeppelin,publisher only - North East attribution awaiting review,Newcastle upon Tyne,probable,medium,Sinclair User,Sinclair User archive issue 84,https://sinclairuser.com/084/index.htm
connection:source-item-sinclair-user-supplement-087-zeppelin:zeppelin:probable,Zeppelin,publisher only - North East attribution awaiting review,Newcastle upon Tyne,probable,medium,Sinclair User,Sinclair User archive issue 87,https://sinclairuser.com/087/index.htm
connection:source-item-sinclair-user-supplement-089-asl:asl:probable,ASL,publisher only - external publisher attribution awaiting review,Newcastle upon Tyne,probable,medium,Sinclair User,Sinclair User archive issue 89,https://sinclairuser.com/089/index.htm
connection:source-item-sinclair-user-supplement-090-zeppelin:zeppelin:probable,Zeppelin,publisher only - North East attribution awaiting review,Newcastle upon Tyne,probable,medium,Sinclair User,Sinclair User archive issue 90,https://sinclairuser.com/090/index.htm
connection:source-item-sinclair-user-supplement-096-zeppelin:zeppelin:probable,Zeppelin,publisher only - North East attribution awaiting review,Newcastle upon Tyne,probable,medium,Sinclair User,Sinclair User archive issue 96,https://sinclairuser.com/096/index.htm
connection:source-item-sinclair-user-supplement-098-tynesoft:tynesoft:probable,Tynesoft,publisher only - North East attribution awaiting review,Blaydon,probable,medium,Sinclair User,Sinclair User archive issue 98,https://sinclairuser.com/098/index.htm
connection:source-item-sinclair-user-supplement-101-zeppelin:zeppelin:probable,Zeppelin,publisher only - North East attribution awaiting review,Newcastle upon Tyne,probable,medium,Sinclair User,Sinclair User archive issue 101,https://sinclairuser.com/101/index.htm
connection:source-item-sinclair-user-supplement-103-zeppelin:zeppelin:probable,Zeppelin,publisher only - North East attribution awaiting review,Newcastle upon Tyne,probable,medium,Sinclair User,Sinclair User archive issue 103,https://sinclairuser.com/103/index.htm
connection:source-item-sinclair-user-supplement-105-audiogenic:audiogenic:probable,Audiogenic,publisher only - external publisher attribution awaiting review,Newcastle upon Tyne,probable,medium,Sinclair User,Sinclair User archive issue 105,https://sinclairuser.com/105/index.htm
connection:source-item-sinclair-user-supplement-105-zeppelin:zeppelin:probable,Zeppelin,publisher only - North East attribution awaiting review,Newcastle upon Tyne,probable,medium,Sinclair User,Sinclair User archive issue 105,https://sinclairuser.com/105/index.htm
connection:source-item-sinclair-user-supplement-107-audiogenic:audiogenic:probable,Audiogenic,publisher only - external publisher attribution awaiting review,Newcastle upon Tyne,probable,medium,Sinclair User,Sinclair User archive issue 107,https://sinclairuser.com/107/index.htm
connection:source-item-sinclair-user-supplement-108-audiogenic:audiogenic:probable,Audiogenic,publisher only - external publisher attribution awaiting review,Newcastle upon Tyne,probable,medium,Sinclair User,Sinclair User archive issue 108,https://sinclairuser.com/108/index.htm
connection:source-item-sinclair-user-supplement-109-audiogenic:audiogenic:probable,Audiogenic,publisher only - external publisher attribution awaiting review,Newcastle upon Tyne,probable,medium,Sinclair User,Sinclair User archive issue 109,https://sinclairuser.com/109/index.htm
connection:source-item-sinclair-user-supplement-112-audiogenic:audiogenic:probable,Audiogenic,publisher only - external publisher attribution awaiting review,Newcastle upon Tyne,probable,medium,Sinclair User,Sinclair User archive issue 112,https://sinclairuser.com/112/index.htm
connection:source-item-sinclair-user-supplement-112-zeppelin:zeppelin:probable,Zeppelin,publisher only - North East attribution awaiting review,Newcastle upon Tyne,probable,medium,Sinclair User,Sinclair User archive issue 112,https://sinclairuser.com/112/index.htm
connection:source-item-sinclair-user-supplement-113-micro-value:micro-value:probable,Micro Value,publisher only - North East attribution awaiting review,Blaydon,probable,medium,Sinclair User,Sinclair User archive issue 113,https://sinclairuser.com/113/index.htm
connection:source-item-sinclair-user-supplement-114-zeppelin:zeppelin:probable,Zeppelin,publisher only - North East attribution awaiting review,Newcastle upon Tyne,probable,medium,Sinclair User,Sinclair User archive issue 114,https://sinclairuser.com/114/index.htm
connection:source-item-sinclair-user-supplement-116-zeppelin:zeppelin:probable,Zeppelin,publisher only - North East attribution awaiting review,Newcastle upon Tyne,probable,medium,Sinclair User,Sinclair User archive issue 116,https://sinclairuser.com/116/index.htm
connection:source-item-sinclair-user-supplement-117-zeppelin:zeppelin:probable,Zeppelin,publisher only - North East attribution awaiting review,Newcastle upon Tyne,probable,medium,Sinclair User,Sinclair User archive issue 117,https://sinclairuser.com/117/index.htm
connection:source-item-sinclair-user-supplement-118-audiogenic:audiogenic:probable,Audiogenic,publisher only - external publisher attribution awaiting review,Newcastle upon Tyne,probable,medium,Sinclair User,Sinclair User archive issue 118,https://sinclairuser.com/118/index.htm
connection:source-item-sinclair-user-supplement-119-zeppelin:zeppelin:probable,Zeppelin,publisher only - North East attribution awaiting review,Newcastle upon Tyne,probable,medium,Sinclair User,Sinclair User archive issue 119,https://sinclairuser.com/119/index.htm
connection:source-item-sinclair-user-supplement-119-zeppelins-fun-filled-festive-frolic-starring-st-nick-himself:zeppelin:probable,Zeppelin,publisher only - North East attribution awaiting review,Newcastle upon Tyne,probable,medium,Sinclair User,Sinclair User archive issue 119,https://sinclairuser.com/119/index.htm
connection:source-item-sinclair-user-supplement-123-zeppelin:zeppelin:probable,Zeppelin,publisher only - North East attribution awaiting review,Newcastle upon Tyne,probable,medium,Sinclair User,Sinclair User archive issue 123,https://sinclairuser.com/123/index.htm
connection:source-item-sinclair-user-supplement-123-zeppelins-new-budget-compilation-takes-a-bow:zeppelin:probable,Zeppelin,publisher only - North East attribution awaiting review,Newcastle upon Tyne,probable,medium,Sinclair User,Sinclair User archive issue 123,https://sinclairuser.com/123/index.htm
connection:source-item-sinclair-user-supplement-123-zeppelins-version-of-the-a10-thunderbolt-takes-off-to-cause-some-havoc:zeppelin:probable,Zeppelin,publisher only - North East attribution awaiting review,Newcastle upon Tyne,probable,medium,Sinclair User,Sinclair User archive issue 123,https://sinclairuser.com/123/index.htm
connection:source-item-sinclair-user-supplement-124-zeppelin:zeppelin:probable,Zeppelin,publisher only - North East attribution awaiting review,Newcastle upon Tyne,probable,medium,Sinclair User,Sinclair User archive issue 124,https://sinclairuser.com/124/index.htm
connection:source-item-sinclair-user-supplement-125-more-multi-discipline-games-from-zeppelin:zeppelin:probable,Zeppelin,publisher only - North East attribution awaiting review,Newcastle upon Tyne,probable,medium,Sinclair User,Sinclair User archive issue 125,https://sinclairuser.com/125/index.htm
connection:source-item-sinclair-user-supplement-125-zeppelin:zeppelin:probable,Zeppelin,publisher only - North East attribution awaiting review,Newcastle upon Tyne,probable,medium,Sinclair User,Sinclair User archive issue 125,https://sinclairuser.com/125/index.htm
connection:source-item-sinclair-user-supplement-126-zeppelin:zeppelin:probable,Zeppelin,publisher only - North East attribution awaiting review,Newcastle upon Tyne,probable,medium,Sinclair User,Sinclair User archive issue 126,https://sinclairuser.com/126/index.htm
connection:source-item-sinclair-user-supplement-127-four-fighting-games-from-zeppelin:zeppelin:probable,Zeppelin,publisher only - North East attribution awaiting review,Newcastle upon Tyne,probable,medium,Sinclair User,Sinclair User archive issue 127,https://sinclairuser.com/127/index.htm
connection:source-item-sinclair-user-supplement-127-zeppelin:zeppelin:probable,Zeppelin,publisher only - North East attribution awaiting review,Newcastle upon Tyne,probable,medium,Sinclair User,Sinclair User archive issue 127,https://sinclairuser.com/127/index.htm
connection:source-item-sinclair-user-supplement-128-zeppelin:zeppelin:probable,Zeppelin,publisher only - North East attribution awaiting review,Newcastle upon Tyne,probable,medium,Sinclair User,Sinclair User archive issue 128,https://sinclairuser.com/128/index.htm
connection:source-item-sinclair-user-supplement-130-zeppelin:zeppelin:probable,Zeppelin,publisher only - North East attribution awaiting review,Newcastle upon Tyne,probable,medium,Sinclair User,Sinclair User archive issue 130,https://sinclairuser.com/130/index.htm
connection:source-item-sinclair-user-supplement-131-zeppelin:zeppelin:probable,Zeppelin,publisher only - North East attribution awaiting review,Newcastle upon Tyne,probable,medium,Sinclair User,Sinclair User archive issue 131,https://sinclairuser.com/131/index.htm
connection:source-item-sinclair-user-supplement-131-zeppelin-serve-up-an-ace:zeppelin:probable,Zeppelin,publisher only - North East attribution awaiting review,Newcastle upon Tyne,probable,medium,Sinclair User,Sinclair User archive issue 131,https://sinclairuser.com/131/index.htm
connection:source-item-sinclair-user-supplement-133-zeppelin:zeppelin:probable,Zeppelin,publisher only - North East attribution awaiting review,Newcastle upon Tyne,probable,medium,Sinclair User,Sinclair User archive issue 133,https://sinclairuser.com/133/index.htm
connection:source-item-sinclair-user-supplement-134-zeppelin:zeppelin:probable,Zeppelin,publisher only - North East attribution awaiting review,Newcastle upon Tyne,probable,medium,Sinclair User,Sinclair User archive issue 134,https://sinclairuser.com/134/index.htm
connection:source-item-stairway-catalogue-https-www-stairwaytohell-com-electron-a-html-alphatron-tynesoft:tynesoft:probable,Tynesoft,publisher only - North East attribution awaiting review,Blaydon,probable,medium,Stairway To Hell,Stairway To Hell Electron catalogue,https://www.stairwaytohell.com/electron/a.html
connection:source-item-stairway-catalogue-https-www-stairwaytohell-com-electron-a-html-auf-wiedersehen-pet-tynesoft:tynesoft:probable,Tynesoft,publisher only - North East attribution awaiting review,Blaydon,probable,medium,Stairway To Hell,Stairway To Hell Electron catalogue,https://www.stairwaytohell.com/electron/a.html
connection:source-item-stairway-catalogue-https-www-stairwaytohell-com-electron-b-html-bandits-at-3-oclock-micropower:micropower:candidate,Micropower,reported connection requiring verification,,candidate,low,Stairway To Hell,Stairway To Hell Electron catalogue,https://www.stairwaytohell.com/electron/b.html
connection:source-item-stairway-catalogue-https-www-stairwaytohell-com-electron-b-html-boulderdash-tynesoft:tynesoft:probable,Tynesoft,publisher only - North East attribution awaiting review,Blaydon,probable,medium,Stairway To Hell,Stairway To Hell Electron catalogue,https://www.stairwaytohell.com/electron/b.html
connection:source-item-stairway-catalogue-https-www-stairwaytohell-com-electron-b-html-bouncing-bombs-tynesoft:tynesoft:probable,Tynesoft,publisher only - North East attribution awaiting review,Blaydon,probable,medium,Stairway To Hell,Stairway To Hell Electron catalogue,https://www.stairwaytohell.com/electron/b.html
connection:source-item-stairway-catalogue-https-www-stairwaytohell-com-electron-b-html-bozo-the-brave-tynesoft:tynesoft:probable,Tynesoft,publisher only - North East attribution awaiting review,Blaydon,probable,medium,Stairway To Hell,Stairway To Hell Electron catalogue,https://www.stairwaytohell.com/electron/b.html
connection:source-item-stairway-catalogue-https-www-stairwaytohell-com-electron-b-html-breakthrough-audiogenic:audiogenic:probable,Audiogenic,publisher only - external publisher attribution awaiting review,Newcastle upon Tyne,probable,medium,Stairway To Hell,Stairway To Hell Electron catalogue,https://www.stairwaytohell.com/electron/b.html
connection:source-item-stairway-catalogue-https-www-stairwaytohell-com-electron-b-html-buffalo-bills-rodeo-games-tynesoft:tynesoft:probable,Tynesoft,publisher only - North East attribution awaiting review,Blaydon,probable,medium,Stairway To Hell,Stairway To Hell Electron catalogue,https://www.stairwaytohell.com/electron/b.html
connection:source-item-stairway-catalogue-https-www-stairwaytohell-com-electron-b-html-bumble-bee-micropower:micropower:candidate,Micropower,reported connection requiring verification,,candidate,low,Stairway To Hell,Stairway To Hell Electron catalogue,https://www.stairwaytohell.com/electron/b.html
connection:source-item-stairway-catalogue-https-www-stairwaytohell-com-electron-c-html-chess-micropower:micropower:candidate,Micropower,reported connection requiring verification,,candidate,low,Stairway To Hell,Stairway To Hell Electron catalogue,https://www.stairwaytohell.com/electron/c.html
connection:source-item-stairway-catalogue-https-www-stairwaytohell-com-electron-c-html-circus-games-tynesoft:tynesoft:probable,Tynesoft,publisher only - North East attribution awaiting review,Blaydon,probable,medium,Stairway To Hell,Stairway To Hell Electron catalogue,https://www.stairwaytohell.com/electron/c.html
connection:source-item-stairway-catalogue-https-www-stairwaytohell-com-electron-c-html-commonwealth-games-tynesoft:tynesoft:probable,Tynesoft,publisher only - North East attribution awaiting review,Blaydon,probable,medium,Stairway To Hell,Stairway To Hell Electron catalogue,https://www.stairwaytohell.com/electron/c.html
connection:source-item-stairway-catalogue-https-www-stairwaytohell-com-electron-c-html-croaker-micropower:micropower:candidate,Micropower,reported connection requiring verification,,candidate,low,Stairway To Hell,Stairway To Hell Electron catalogue,https://www.stairwaytohell.com/electron/c.html
connection:source-item-stairway-catalogue-https-www-stairwaytohell-com-electron-c-html-cybertron-mission-micropower:micropower:candidate,Micropower,reported connection requiring verification,,candidate,low,Stairway To Hell,Stairway To Hell Electron catalogue,https://www.stairwaytohell.com/electron/c.html
connection:source-item-stairway-catalogue-https-www-stairwaytohell-com-electron-c-html-cylon-invasion-tynesoft:tynesoft:probable,Tynesoft,publisher only - North East attribution awaiting review,Blaydon,probable,medium,Stairway To Hell,Stairway To Hell Electron catalogue,https://www.stairwaytohell.com/electron/c.html
connection:source-item-stairway-catalogue-https-www-stairwaytohell-com-electron-d-html-danger-uxb-micropower:micropower:candidate,Micropower,reported connection requiring verification,,candidate,low,Stairway To Hell,Stairway To Hell Electron catalogue,https://www.stairwaytohell.com/electron/d.html
connection:source-item-stairway-catalogue-https-www-stairwaytohell-com-electron-d-html-despatch-rider-audiogenic:audiogenic:probable,Audiogenic,publisher only - external publisher attribution awaiting review,Newcastle upon Tyne,probable,medium,Stairway To Hell,Stairway To Hell Electron catalogue,https://www.stairwaytohell.com/electron/d.html
connection:source-item-stairway-catalogue-https-www-stairwaytohell-com-electron-e-html-electron-invaders-micropower:micropower:candidate,Micropower,reported connection requiring verification,,candidate,low,Stairway To Hell,Stairway To Hell Electron catalogue,https://www.stairwaytohell.com/electron/e.html
connection:source-item-stairway-catalogue-https-www-stairwaytohell-com-electron-e-html-escape-from-moonbase-alpha-micropower:micropower:candidate,Micropower,reported connection requiring verification,,candidate,low,Stairway To Hell,Stairway To Hell Electron catalogue,https://www.stairwaytohell.com/electron/e.html
connection:source-item-stairway-catalogue-https-www-stairwaytohell-com-electron-f-html-felix-and-the-fruit-monsters-micropower:micropower:candidate,Micropower,reported connection requiring verification,,candidate,low,Stairway To Hell,Stairway To Hell Electron catalogue,https://www.stairwaytohell.com/electron/f.html
connection:source-item-stairway-catalogue-https-www-stairwaytohell-com-electron-f-html-felix-in-the-factory-micropower:micropower:candidate,Micropower,reported connection requiring verification,,candidate,low,Stairway To Hell,Stairway To Hell Electron catalogue,https://www.stairwaytohell.com/electron/f.html
connection:source-item-stairway-catalogue-https-www-stairwaytohell-com-electron-f-html-felix-meets-the-evil-weevils-micropower:micropower:candidate,Micropower,reported connection requiring verification,,candidate,low,Stairway To Hell,Stairway To Hell Electron catalogue,https://www.stairwaytohell.com/electron/f.html
connection:source-item-stairway-catalogue-https-www-stairwaytohell-com-electron-f-html-frenzy-micropower:micropower:candidate,Micropower,reported connection requiring verification,,candidate,low,Stairway To Hell,Stairway To Hell Electron catalogue,https://www.stairwaytohell.com/electron/f.html
connection:source-item-stairway-catalogue-https-www-stairwaytohell-com-electron-f-html-froot-raid-audiogenic:audiogenic:probable,Audiogenic,publisher only - external publisher attribution awaiting review,Newcastle upon Tyne,probable,medium,Stairway To Hell,Stairway To Hell Electron catalogue,https://www.stairwaytohell.com/electron/f.html
connection:source-item-stairway-catalogue-https-www-stairwaytohell-com-electron-g-html-galactic-commander-micropower:micropower:candidate,Micropower,reported connection requiring verification,,candidate,low,Stairway To Hell,Stairway To Hell Electron catalogue,https://www.stairwaytohell.com/electron/g.html
connection:source-item-stairway-catalogue-https-www-stairwaytohell-com-electron-g-html-gauntlet-micropower:micropower:candidate,Micropower,reported connection requiring verification,,candidate,low,Stairway To Hell,Stairway To Hell Electron catalogue,https://www.stairwaytohell.com/electron/g.html
connection:source-item-stairway-catalogue-https-www-stairwaytohell-com-electron-g-html-gauntlet-micropower-mm-rr:micropower:candidate,Micropower,reported connection requiring verification,,candidate,low,Stairway To Hell,Stairway To Hell Electron catalogue,https://www.stairwaytohell.com/electron/g.html
connection:source-item-stairway-catalogue-https-www-stairwaytohell-com-electron-g-html-ghouls-micropower:micropower:candidate,Micropower,reported connection requiring verification,,candidate,low,Stairway To Hell,Stairway To Hell Electron catalogue,https://www.stairwaytohell.com/electron/g.html
connection:source-item-stairway-catalogue-https-www-stairwaytohell-com-electron-g-html-ghouls-micropower-pias-rr:micropower:candidate,Micropower,reported connection requiring verification,,candidate,low,Stairway To Hell,Stairway To Hell Electron catalogue,https://www.stairwaytohell.com/electron/g.html
connection:source-item-stairway-catalogue-https-www-stairwaytohell-com-electron-g-html-goal-tynesoft:tynesoft:probable,Tynesoft,publisher only - North East attribution awaiting review,Blaydon,probable,medium,Stairway To Hell,Stairway To Hell Electron catalogue,https://www.stairwaytohell.com/electron/g.html
connection:source-item-stairway-catalogue-https-www-stairwaytohell-com-electron-g-html-graham-gooch-match-cricket-audiogenic:audiogenic:probable,Audiogenic,publisher only - external publisher attribution awaiting review,Newcastle upon Tyne,probable,medium,Stairway To Hell,Stairway To Hell Electron catalogue,https://www.stairwaytohell.com/electron/g.html
connection:source-item-stairway-catalogue-https-www-stairwaytohell-com-electron-h-html-helter-skelter-audiogenic:audiogenic:probable,Audiogenic,publisher only - external publisher attribution awaiting review,Newcastle upon Tyne,probable,medium,Stairway To Hell,Stairway To Hell Electron catalogue,https://www.stairwaytohell.com/electron/h.html
connection:source-item-stairway-catalogue-https-www-stairwaytohell-com-electron-i-html-ian-bothams-test-match-tynesoft:tynesoft:probable,Tynesoft,publisher only - North East attribution awaiting review,Blaydon,probable,medium,Stairway To Hell,Stairway To Hell Electron catalogue,https://www.stairwaytohell.com/electron/i.html
connection:source-item-stairway-catalogue-https-www-stairwaytohell-com-electron-i-html-imogen-micropower-superior:micropower:candidate,Micropower,reported connection requiring verification,,candidate,low,Stairway To Hell,Stairway To Hell Electron catalogue,https://www.stairwaytohell.com/electron/i.html
connection:source-item-stairway-catalogue-https-www-stairwaytohell-com-electron-i-html-impact-audiogenic:audiogenic:probable,Audiogenic,publisher only - external publisher attribution awaiting review,Newcastle upon Tyne,probable,medium,Stairway To Hell,Stairway To Hell Electron catalogue,https://www.stairwaytohell.com/electron/i.html
connection:source-item-stairway-catalogue-https-www-stairwaytohell-com-electron-i-html-indoor-sports-tynesoft:tynesoft:probable,Tynesoft,publisher only - North East attribution awaiting review,Blaydon,probable,medium,Stairway To Hell,Stairway To Hell Electron catalogue,https://www.stairwaytohell.com/electron/i.html
connection:source-item-stairway-catalogue-https-www-stairwaytohell-com-electron-i-html-intergalactic-trader-micropower:micropower:candidate,Micropower,reported connection requiring verification,,candidate,low,Stairway To Hell,Stairway To Hell Electron catalogue,https://www.stairwaytohell.com/electron/i.html
connection:source-item-stairway-catalogue-https-www-stairwaytohell-com-electron-j-html-jet-power-jack-micropower:micropower:candidate,Micropower,reported connection requiring verification,,candidate,low,Stairway To Hell,Stairway To Hell Electron catalogue,https://www.stairwaytohell.com/electron/j.html
connection:source-item-stairway-catalogue-https-www-stairwaytohell-com-electron-j-html-jet-set-willy-2-tynesoft:tynesoft:probable,Tynesoft,publisher only - North East attribution awaiting review,Blaydon,probable,medium,Stairway To Hell,Stairway To Hell Electron catalogue,https://www.stairwaytohell.com/electron/j.html
connection:source-item-stairway-catalogue-https-www-stairwaytohell-com-electron-j-html-jet-set-willy-tynesoft:tynesoft:probable,Tynesoft,publisher only - North East attribution awaiting review,Blaydon,probable,medium,Stairway To Hell,Stairway To Hell Electron catalogue,https://www.stairwaytohell.com/electron/j.html
connection:source-item-stairway-catalogue-https-www-stairwaytohell-com-electron-k-html-killer-gorilla-micropower:micropower:candidate,Micropower,reported connection requiring verification,,candidate,low,Stairway To Hell,Stairway To Hell Electron catalogue,https://www.stairwaytohell.com/electron/k.html
connection:source-item-stairway-catalogue-https-www-stairwaytohell-com-electron-l-html-last-of-the-free-audiogenic:audiogenic:probable,Audiogenic,publisher only - external publisher attribution awaiting review,Newcastle upon Tyne,probable,medium,Stairway To Hell,Stairway To Hell Electron catalogue,https://www.stairwaytohell.com/electron/l.html
connection:source-item-stairway-catalogue-https-www-stairwaytohell-com-electron-l-html-loopz-audiogenic:audiogenic:probable,Audiogenic,publisher only - external publisher attribution awaiting review,Newcastle upon Tyne,probable,medium,Stairway To Hell,Stairway To Hell Electron catalogue,https://www.stairwaytohell.com/electron/l.html
connection:source-item-stairway-catalogue-https-www-stairwaytohell-com-electron-m-html-megaforce-tynesoft:tynesoft:probable,Tynesoft,publisher only - North East attribution awaiting review,Blaydon,probable,medium,Stairway To Hell,Stairway To Hell Electron catalogue,https://www.stairwaytohell.com/electron/m.html
connection:source-item-stairway-catalogue-https-www-stairwaytohell-com-electron-m-html-moon-raider-micropower:micropower:candidate,Micropower,reported connection requiring verification,,candidate,low,Stairway To Hell,Stairway To Hell Electron catalogue,https://www.stairwaytohell.com/electron/m.html
connection:source-item-stairway-catalogue-https-www-stairwaytohell-com-electron-m-html-mouse-trap-tynesoft:tynesoft:probable,Tynesoft,publisher only - North East attribution awaiting review,Blaydon,probable,medium,Stairway To Hell,Stairway To Hell Electron catalogue,https://www.stairwaytohell.com/electron/m.html
connection:source-item-stairway-catalogue-https-www-stairwaytohell-com-electron-o-html-omega-orb-audiogenic:audiogenic:probable,Audiogenic,publisher only - external publisher attribution awaiting review,Newcastle upon Tyne,probable,medium,Stairway To Hell,Stairway To Hell Electron catalogue,https://www.stairwaytohell.com/electron/o.html
connection:source-item-stairway-catalogue-https-www-stairwaytohell-com-electron-p-html-positron-micropower:micropower:candidate,Micropower,reported connection requiring verification,,candidate,low,Stairway To Hell,Stairway To Hell Electron catalogue,https://www.stairwaytohell.com/electron/p.html
connection:source-item-stairway-catalogue-https-www-stairwaytohell-com-electron-p-html-psycastria-2-audiogenic:audiogenic:probable,Audiogenic,publisher only - external publisher attribution awaiting review,Newcastle upon Tyne,probable,medium,Stairway To Hell,Stairway To Hell Electron catalogue,https://www.stairwaytohell.com/electron/p.html
connection:source-item-stairway-catalogue-https-www-stairwaytohell-com-electron-p-html-psycastria-audiogenic:audiogenic:probable,Audiogenic,publisher only - external publisher attribution awaiting review,Newcastle upon Tyne,probable,medium,Stairway To Hell,Stairway To Hell Electron catalogue,https://www.stairwaytohell.com/electron/p.html
connection:source-item-stairway-catalogue-https-www-stairwaytohell-com-electron-r-html-ransack-audiogenic:audiogenic:probable,Audiogenic,publisher only - external publisher attribution awaiting review,Newcastle upon Tyne,probable,medium,Stairway To Hell,Stairway To Hell Electron catalogue,https://www.stairwaytohell.com/electron/r.html
connection:source-item-stairway-catalogue-https-www-stairwaytohell-com-electron-r-html-rig-attack-tynesoft:tynesoft:probable,Tynesoft,publisher only - North East attribution awaiting review,Blaydon,probable,medium,Stairway To Hell,Stairway To Hell Electron catalogue,https://www.stairwaytohell.com/electron/r.html
connection:source-item-stairway-catalogue-https-www-stairwaytohell-com-electron-r-html-rubble-trouble-micropower:micropower:candidate,Micropower,reported connection requiring verification,,candidate,low,Stairway To Hell,Stairway To Hell Electron catalogue,https://www.stairwaytohell.com/electron/r.html
connection:source-item-stairway-catalogue-https-www-stairwaytohell-com-electron-s-html-saigon-tynesoft:tynesoft:probable,Tynesoft,publisher only - North East attribution awaiting review,Blaydon,probable,medium,Stairway To Hell,Stairway To Hell Electron catalogue,https://www.stairwaytohell.com/electron/s.html
connection:source-item-stairway-catalogue-https-www-stairwaytohell-com-electron-s-html-saracoid-audiogenic:audiogenic:probable,Audiogenic,publisher only - external publisher attribution awaiting review,Newcastle upon Tyne,probable,medium,Stairway To Hell,Stairway To Hell Electron catalogue,https://www.stairwaytohell.com/electron/s.html
connection:source-item-stairway-catalogue-https-www-stairwaytohell-com-electron-s-html-shark-audiogenic:audiogenic:probable,Audiogenic,publisher only - external publisher attribution awaiting review,Newcastle upon Tyne,probable,medium,Stairway To Hell,Stairway To Hell Electron catalogue,https://www.stairwaytohell.com/electron/s.html
connection:source-item-stairway-catalogue-https-www-stairwaytohell-com-electron-s-html-space-agent-zelda-audiogenic:audiogenic:probable,Audiogenic,publisher only - external publisher attribution awaiting review,Newcastle upon Tyne,probable,medium,Stairway To Hell,Stairway To Hell Electron catalogue,https://www.stairwaytohell.com/electron/s.html
connection:source-item-stairway-catalogue-https-www-stairwaytohell-com-electron-s-html-space-caverns-tynesoft:tynesoft:probable,Tynesoft,publisher only - North East attribution awaiting review,Blaydon,probable,medium,Stairway To Hell,Stairway To Hell Electron catalogue,https://www.stairwaytohell.com/electron/s.html
connection:source-item-stairway-catalogue-https-www-stairwaytohell-com-electron-s-html-space-ranger-audiogenic:audiogenic:probable,Audiogenic,publisher only - external publisher attribution awaiting review,Newcastle upon Tyne,probable,medium,Stairway To Hell,Stairway To Hell Electron catalogue,https://www.stairwaytohell.com/electron/s.html
connection:source-item-stairway-catalogue-https-www-stairwaytohell-com-electron-s-html-sphere-of-destiny-2-audiogenic:audiogenic:probable,Audiogenic,publisher only - external publisher attribution awaiting review,Newcastle upon Tyne,probable,medium,Stairway To Hell,Stairway To Hell Electron catalogue,https://www.stairwaytohell.com/electron/s.html
connection:source-item-stairway-catalogue-https-www-stairwaytohell-com-electron-s-html-sphere-of-destiny-audiogenic:audiogenic:probable,Audiogenic,publisher only - external publisher attribution awaiting review,Newcastle upon Tyne,probable,medium,Stairway To Hell,Stairway To Hell Electron catalogue,https://www.stairwaytohell.com/electron/s.html
connection:source-item-stairway-catalogue-https-www-stairwaytohell-com-electron-s-html-stock-car-micropower:micropower:candidate,Micropower,reported connection requiring verification,,candidate,low,Stairway To Hell,Stairway To Hell Electron catalogue,https://www.stairwaytohell.com/electron/s.html
connection:source-item-stairway-catalogue-https-www-stairwaytohell-com-electron-s-html-swag-micropower:micropower:candidate,Micropower,reported connection requiring verification,,candidate,low,Stairway To Hell,Stairway To Hell Electron catalogue,https://www.stairwaytohell.com/electron/s.html
connection:source-item-stairway-catalogue-https-www-stairwaytohell-com-electron-s-html-swoop-micropower:micropower:candidate,Micropower,reported connection requiring verification,,candidate,low,Stairway To Hell,Stairway To Hell Electron catalogue,https://www.stairwaytohell.com/electron/s.html
connection:source-item-stairway-catalogue-https-www-stairwaytohell-com-electron-t-html-the-big-ko-tynesoft:tynesoft:probable,Tynesoft,publisher only - North East attribution awaiting review,Blaydon,probable,medium,Stairway To Hell,Stairway To Hell Electron catalogue,https://www.stairwaytohell.com/electron/t.html
connection:source-item-stairway-catalogue-https-www-stairwaytohell-com-electron-t-html-the-mine-micropower:micropower:candidate,Micropower,reported connection requiring verification,,candidate,low,Stairway To Hell,Stairway To Hell Electron catalogue,https://www.stairwaytohell.com/electron/t.html
connection:source-item-stairway-catalogue-https-www-stairwaytohell-com-electron-t-html-thunderstruck-2-audiogenic:audiogenic:probable,Audiogenic,publisher only - external publisher attribution awaiting review,Newcastle upon Tyne,probable,medium,Stairway To Hell,Stairway To Hell Electron catalogue,https://www.stairwaytohell.com/electron/t.html
connection:source-item-stairway-catalogue-https-www-stairwaytohell-com-electron-t-html-thunderstruck-audiogenic:audiogenic:probable,Audiogenic,publisher only - external publisher attribution awaiting review,Newcastle upon Tyne,probable,medium,Stairway To Hell,Stairway To Hell Electron catalogue,https://www.stairwaytohell.com/electron/t.html
connection:source-item-stairway-catalogue-https-www-stairwaytohell-com-electron-t-html-trek-ii-tynesoft:tynesoft:probable,Tynesoft,publisher only - North East attribution awaiting review,Blaydon,probable,medium,Stairway To Hell,Stairway To Hell Electron catalogue,https://www.stairwaytohell.com/electron/t.html
connection:source-item-stairway-catalogue-https-www-stairwaytohell-com-electron-u-html-ultron-audiogenic:audiogenic:probable,Audiogenic,publisher only - external publisher attribution awaiting review,Newcastle upon Tyne,probable,medium,Stairway To Hell,Stairway To Hell Electron catalogue,https://www.stairwaytohell.com/electron/u.html
connection:source-item-stairway-catalogue-https-www-stairwaytohell-com-electron-u-html-us-drag-racing-tynesoft:tynesoft:probable,Tynesoft,publisher only - North East attribution awaiting review,Blaydon,probable,medium,Stairway To Hell,Stairway To Hell Electron catalogue,https://www.stairwaytohell.com/electron/u.html
connection:source-item-stairway-catalogue-https-www-stairwaytohell-com-electron-v-html-vindaloo-tynesoft:tynesoft:probable,Tynesoft,publisher only - North East attribution awaiting review,Blaydon,probable,medium,Stairway To Hell,Stairway To Hell Electron catalogue,https://www.stairwaytohell.com/electron/v.html
connection:source-item-stairway-catalogue-https-www-stairwaytohell-com-electron-w-html-wet-zone-tynesoft:tynesoft:probable,Tynesoft,publisher only - North East attribution awaiting review,Blaydon,probable,medium,Stairway To Hell,Stairway To Hell Electron catalogue,https://www.stairwaytohell.com/electron/w.html
connection:source-item-stairway-catalogue-https-www-stairwaytohell-com-electron-w-html-winter-olympiad-tynesoft:tynesoft:probable,Tynesoft,publisher only - North East attribution awaiting review,Blaydon,probable,medium,Stairway To Hell,Stairway To Hell Electron catalogue,https://www.stairwaytohell.com/electron/w.html
connection:source-item-stairway-catalogue-https-www-stairwaytohell-com-electron-w-html-winter-olympics-tynesoft:tynesoft:probable,Tynesoft,publisher only - North East attribution awaiting review,Blaydon,probable,medium,Stairway To Hell,Stairway To Hell Electron catalogue,https://www.stairwaytohell.com/electron/w.html
connection:source-item-stairway-catalogue-https-www-stairwaytohell-com-electron-w-html-wizzys-mansion-audiogenic:audiogenic:probable,Audiogenic,publisher only - external publisher attribution awaiting review,Newcastle upon Tyne,probable,medium,Stairway To Hell,Stairway To Hell Electron catalogue,https://www.stairwaytohell.com/electron/w.html
connection:source-item-stairway-catalogue-https-www-stairwaytohell-com-electron-z-html-ziggy-audiogenic:audiogenic:probable,Audiogenic,publisher only - external publisher attribution awaiting review,Newcastle upon Tyne,probable,medium,Stairway To Hell,Stairway To Hell Electron catalogue,https://www.stairwaytohell.com/electron/z.html
connection:source-item-stairway-lost-https-www-stairwaytohell-com-lostandfound-homepage-html-by-gary-partis-revised-by-peter-scott-audiogenic:audiogenic:probable,Audiogenic,publisher only - external publisher attribution awaiting review,Newcastle upon Tyne,probable,medium,Stairway To Hell,Stairway To Hell Lost & Found,https://www.stairwaytohell.com/lostandfound/homepage.html
connection:source-item-stairway-lost-https-www-stairwaytohell-com-lostandfound-homepage-html-destroyers-ii-by-david-elliot-micropower:micropower:candidate,Micropower,reported connection requiring verification,,candidate,low,Stairway To Hell,Stairway To Hell Lost & Found,https://www.stairwaytohell.com/lostandfound/homepage.html
connection:source-item-stairway-lost-https-www-stairwaytohell-com-lostandfound-homepage-html-raider-by-tony-sothcott-micropower:micropower:candidate,Micropower,reported connection requiring verification,,candidate,low,Stairway To Hell,Stairway To Hell Lost & Found,https://www.stairwaytohell.com/lostandfound/homepage.html
connection:source-item-stairway-lost-https-www-stairwaytohell-com-lostandfound-indexb-html-micropower:micropower:candidate,Micropower,reported connection requiring verification,,candidate,low,Stairway To Hell,Stairway To Hell Lost & Found,https://www.stairwaytohell.com/lostandfound/indexb.html
connection:source-item-stairway-https-www-stairwaytohell-com-articles-kblake-html:tynesoft:probable,Tynesoft,publisher only - North East attribution awaiting review,Blaydon,probable,medium,Stairway To Hell,Stairway To Hell,https://www.stairwaytohell.com/articles/KBlake.html
connection:source-item-stairway-https-www-stairwaytohell-com-articles-kblake-partisphotos1-html:gary-partis:candidate,Gary Partis,reported connection requiring verification,,candidate,low,Stairway To Hell,Stairway To Hell,https://www.stairwaytohell.com/articles/KBlake-PartisPhotos1.html
connection:source-item-stairway-https-www-stairwaytohell-com-articles-kblake-partisphotos2-html:gary-partis:candidate,Gary Partis,reported connection requiring verification,,candidate,low,Stairway To Hell,Stairway To Hell,https://www.stairwaytohell.com/articles/KBlake-PartisPhotos2.html
connection:source-item-stairway-https-www-stairwaytohell-com-articles-kblake-partisphotos3-html:gary-partis:candidate,Gary Partis,reported connection requiring verification,,candidate,low,Stairway To Hell,Stairway To Hell,https://www.stairwaytohell.com/articles/KBlake-PartisPhotos3.html
connection:source-item-stairway-https-www-stairwaytohell-com-articles-kblake-partisphotos4-html:gary-partis:candidate,Gary Partis,reported connection requiring verification,,candidate,low,Stairway To Hell,Stairway To Hell,https://www.stairwaytohell.com/articles/KBlake-PartisPhotos4.html
connection:source-item-stairway-https-www-stairwaytohell-com-articles-kblake2-html:tynesoft:probable,Tynesoft,publisher only - North East attribution awaiting review,Blaydon,probable,medium,Stairway To Hell,Stairway To Hell,https://www.stairwaytohell.com/articles/KBlake2.html
connection:source-item-stairway-https-www-stairwaytohell-com-authors-dcroft-mpr-dcroft-html:dave-croft:candidate,Dave Croft,reported connection requiring verification,,candidate,low,Stairway To Hell,A&B Computing,https://www.stairwaytohell.com/authors/dcroft/MPR-DCroft.html
connection:source-item-stairway-https-www-stairwaytohell-com-authors-edmondsonchamberlain-pro-edmondsonchamberlain-html:martin-edmondson:candidate,Martin Edmondson,reported connection requiring verification,,candidate,low,Stairway To Hell,A&B Computing / Argus Press,https://www.stairwaytohell.com/authors/edmondsonchamberlain/PRO-EdmondsonChamberlain.html
connection:source-item-stairway-https-www-stairwaytohell-com-authors-gpartis-mujan88-partis-html:gary-partis:candidate,Gary Partis,reported connection requiring verification,,candidate,low,Stairway To Hell,Micro User / Database Publications,https://www.stairwaytohell.com/authors/gpartis/MUJAN88-Partis.html
connection:source-item-stairway-https-www-stairwaytohell-com-authors-gpartis-pic-gpartis-html:gary-partis:candidate,Gary Partis,reported connection requiring verification,,candidate,low,Stairway To Hell,Stairway To Hell,https://www.stairwaytohell.com/authors/gpartis/PIC-GPartis.html
connection:source-item-stairway-https-www-stairwaytohell-com-authors-gpartis-pro-gpartis-html:gary-partis:candidate,Gary Partis,reported connection requiring verification,,candidate,low,Stairway To Hell,A&B Computing / Argus Press,https://www.stairwaytohell.com/authors/gpartis/PRO-GPartis.html
connection:source-item-stairway-https-www-stairwaytohell-com-authors-gpartis-sg-partis-html:gary-partis:candidate,Gary Partis,reported connection requiring verification,,candidate,low,Stairway To Hell,Stairway To Hell,https://www.stairwaytohell.com/authors/gpartis/SG-Partis.html
connection:source-item-stairway-https-www-stairwaytohell-com-authors-jsobell-por-jsobell-html:jason-sobell:candidate,Jason Sobell,reported connection requiring verification,,candidate,low,Stairway To Hell,Stairway To Hell,https://www.stairwaytohell.com/authors/jsobell/POR-JSobell.html
connection:source-item-stairway-https-www-stairwaytohell-com-authors-jsobell-pro-jsobell-html:jason-sobell:candidate,Jason Sobell,reported connection requiring verification,,candidate,low,Stairway To Hell,Stairway To Hell,https://www.stairwaytohell.com/authors/jsobell/PRO-JSobell.html
connection:source-item-stairway-https-www-stairwaytohell-com-authors-jsobell-sg-sobell-html:jason-sobell:candidate,Jason Sobell,reported connection requiring verification,,candidate,low,Stairway To Hell,Stairway To Hell,https://www.stairwaytohell.com/authors/jsobell/SG-Sobell.html
connection:source-item-stairway-https-www-stairwaytohell-com-authors-kblake-eujan88-spyvsspy-html:kevin-blake:candidate,Kevin Blake,reported connection requiring verification,,candidate,low,Stairway To Hell,Electron User / Database Publications,https://www.stairwaytohell.com/authors/kblake/EUJAN88-SpyVsSpy.html
connection:source-item-stairway-https-www-stairwaytohell-com-authors-kblake-mpr-kblake-html:kevin-blake:candidate,Kevin Blake,reported connection requiring verification,,candidate,low,Stairway To Hell,A&B Computing,https://www.stairwaytohell.com/authors/kblake/MPR-KBlake.html
connection:source-item-stairway-https-www-stairwaytohell-com-authors-kblake-por-kblake-html:kevin-blake:candidate,Kevin Blake,reported connection requiring verification,,candidate,low,Stairway To Hell,Stairway To Hell,https://www.stairwaytohell.com/authors/kblake/POR-KBlake.html
connection:source-item-stairway-https-www-stairwaytohell-com-authors-pjohnson-pro-pjohnson-html:peter-johnson:candidate,Peter Johnson,reported connection requiring verification,,candidate,low,Stairway To Hell,A&B Computing / Argus Press,https://www.stairwaytohell.com/authors/pjohnson/PRO-PJohnson.html
connection:source-item-stairway-https-www-stairwaytohell-com-authors-pjohnson-pup-pjohnson-html:peter-johnson:candidate,Peter Johnson,reported connection requiring verification,,candidate,low,Stairway To Hell,Stairway To Hell,https://www.stairwaytohell.com/authors/pjohnson/PUP-PJohnson.html
connection:source-item-stairway-https-www-stairwaytohell-com-authors-pjohnson-sg-pjohnson-html:peter-johnson:candidate,Peter Johnson,reported connection requiring verification,,candidate,low,Stairway To Hell,Stairway To Hell,https://www.stairwaytohell.com/authors/pjohnson/SG-PJohnson.html
connection:source-item-stairway-https-www-stairwaytohell-com-authors-pscott-ab-diaryofagame-omegaorb-html:peter-scott:candidate,Peter Scott,reported connection requiring verification,,candidate,low,Stairway To Hell,A&B Computing,https://www.stairwaytohell.com/authors/pscott/AB-DiaryOfAGame-OmegaOrb.html
connection:source-item-stairway-https-www-stairwaytohell-com-authors-pscott-mujul90-peterscott-html:peter-scott:candidate,Peter Scott,reported connection requiring verification,,candidate,low,Stairway To Hell,Micro User / Database Publications,https://www.stairwaytohell.com/authors/pscott/MUJUL90-PeterScott.html
connection:source-item-stairway-https-www-stairwaytohell-com-authors-pscott-pro-pscott-html:peter-scott:candidate,Peter Scott,reported connection requiring verification,,candidate,low,Stairway To Hell,A&B Computing / Argus Press,https://www.stairwaytohell.com/authors/pscott/PRO-PScott.html
connection:source-item-stairway-https-www-stairwaytohell-com-authors-pscott-sg-peterscott-html:peter-scott:candidate,Peter Scott,reported connection requiring verification,,candidate,low,Stairway To Hell,Stairway To Hell,https://www.stairwaytohell.com/authors/pscott/SG-PeterScott.html
connection:source-item-stairway-https-www-stairwaytohell-com-lostandfound-alt-html:audiogenic:probable,Audiogenic,publisher only - external publisher attribution awaiting review,Newcastle upon Tyne,probable,medium,Stairway To Hell,Stairway To Hell,https://www.stairwaytohell.com/lostandfound/alt.html
