connection_id,entity_name,final_bucket,archive_source,issue_or_date,source_url,indexed_or_quoted_wording,entity_identity,organisation_role,place_relevance,north_east_connection_type,evidence_classification,audit_decision
connection:source-item-globalnet-spot-impact-audiogenic-software:audiogenic:probable,Audiogenic,probable,Spot On,SPOT FGAMES link 1122,http://www.users.globalnet.co.uk/~jg27paw4/spot-on/spotdata.zip,title: Impact! | printed_company: Audiogenic Software | summary/index: SPOT index entry for Impact!; publisher/label code resolves to Audiogenic Software.,Audiogenic,Publisher/label mention only,"Newcastle upon Tyne; seeded project context only, not proven by this magazine row",publisher only - external publisher attribution awaiting review,probable,"Demoted/kept out of confirmed because source row does not independently verify developer, employer, legal or location status."
connection:source-item-globalnet-spot-graham-goochs-test-cricket-audiogenic-software:audiogenic:probable,Audiogenic,probable,Spot On,SPOT FGAMES link 1849,http://www.users.globalnet.co.uk/~jg27paw4/spot-on/spotdata.zip,title: Graham Gooch's Test Cricket | printed_company: Audiogenic Software | summary/index: SPOT index entry for Graham Gooch's Test Cricket; publisher/label code resolves to Audiogenic Software.,Audiogenic,Publisher/label mention only,"Newcastle upon Tyne; seeded project context only, not proven by this magazine row",publisher only - external publisher attribution awaiting review,probable,"Demoted/kept out of confirmed because source row does not independently verify developer, employer, legal or location status."
connection:source-item-globalnet-spot-pass-your-driving-test-audiogenic-software:audiogenic:probable,Audiogenic,probable,Spot On,SPOT FGAMES link 2054,http://www.users.globalnet.co.uk/~jg27paw4/spot-on/spotdata.zip,title: Pass Your Driving Test | printed_company: Audiogenic Software | summary/index: SPOT index entry for Pass Your Driving Test; publisher/label code resolves to Audiogenic Software.,Audiogenic,Publisher/label mention only,"Newcastle upon Tyne; seeded project context only, not proven by this magazine row",publisher only - external publisher attribution awaiting review,probable,"Demoted/kept out of confirmed because source row does not independently verify developer, employer, legal or location status."
connection:source-item-globalnet-spot-emlyn-hughes-international-soccer-audiogenic-software:audiogenic:probable,Audiogenic,probable,Spot On,SPOT FGAMES link 2437,http://www.users.globalnet.co.uk/~jg27paw4/spot-on/spotdata.zip,title: Emlyn Hughes International Soccer | printed_company: Audiogenic Software | summary/index: SPOT index entry for Emlyn Hughes International Soccer; publisher/label code resolves to Audiogenic Software.,Audiogenic,Publisher/label mention only,"Newcastle upon Tyne; seeded project context only, not proven by this magazine row",publisher only - external publisher attribution awaiting review,probable,"Demoted/kept out of confirmed because source row does not independently verify developer, employer, legal or location status."
connection:source-item-globalnet-spot-emlyn-hughes-arcade-quiz-audiogenic-software:audiogenic:probable,Audiogenic,probable,Spot On,SPOT FGAMES link 2451,http://www.users.globalnet.co.uk/~jg27paw4/spot-on/spotdata.zip,title: Emlyn Hughes Arcade Quiz | printed_company: Audiogenic Software | summary/index: SPOT index entry for Emlyn Hughes Arcade Quiz; publisher/label code resolves to Audiogenic Software.,Audiogenic,Publisher/label mention only,"Newcastle upon Tyne; seeded project context only, not proven by this magazine row",publisher only - external publisher attribution awaiting review,probable,"Demoted/kept out of confirmed because source row does not independently verify developer, employer, legal or location status."
connection:source-item-globalnet-spot-exterminator-audiogenic-software:audiogenic:probable,Audiogenic,probable,Spot On,SPOT FGAMES link 2614,http://www.users.globalnet.co.uk/~jg27paw4/spot-on/spotdata.zip,title: Exterminator | printed_company: Audiogenic Software | summary/index: SPOT index entry for Exterminator; publisher/label code resolves to Audiogenic Software.,Audiogenic,Publisher/label mention only,"Newcastle upon Tyne; seeded project context only, not proven by this magazine row",publisher only - external publisher attribution awaiting review,probable,"Demoted/kept out of confirmed because source row does not independently verify developer, employer, legal or location status."
connection:source-item-globalnet-spot-helter-skelter-audiogenic-software:audiogenic:probable,Audiogenic,probable,Spot On,SPOT FGAMES link 2630,http://www.users.globalnet.co.uk/~jg27paw4/spot-on/spotdata.zip,title: Helter Skelter | printed_company: Audiogenic Software | summary/index: SPOT index entry for Helter Skelter; publisher/label code resolves to Audiogenic Software.,Audiogenic,Publisher/label mention only,"Newcastle upon Tyne; seeded project context only, not proven by this magazine row",publisher only - external publisher attribution awaiting review,probable,"Demoted/kept out of confirmed because source row does not independently verify developer, employer, legal or location status."
connection:source-item-globalnet-spot-loopz-audiogenic-software:audiogenic:probable,Audiogenic,probable,Spot On,SPOT FGAMES link 2649,http://www.users.globalnet.co.uk/~jg27paw4/spot-on/spotdata.zip,title: Loopz | printed_company: Audiogenic Software | summary/index: SPOT index entry for Loopz; publisher/label code resolves to Audiogenic Software.,Audiogenic,Publisher/label mention only,"Newcastle upon Tyne; seeded project context only, not proven by this magazine row",publisher only - external publisher attribution awaiting review,probable,"Demoted/kept out of confirmed because source row does not independently verify developer, employer, legal or location status."
connection:source-item-globalnet-spot-wreckers-audiogenic-software:audiogenic:probable,Audiogenic,probable,Spot On,SPOT FGAMES link 2675,http://www.users.globalnet.co.uk/~jg27paw4/spot-on/spotdata.zip,title: Wreckers | printed_company: Audiogenic Software | summary/index: SPOT index entry for Wreckers; publisher/label code resolves to Audiogenic Software.,Audiogenic,Publisher/label mention only,"Newcastle upon Tyne; seeded project context only, not proven by this magazine row",publisher only - external publisher attribution awaiting review,probable,"Demoted/kept out of confirmed because source row does not independently verify developer, employer, legal or location status."
connection:source-item-globalnet-spot-lone-wolf-the-mirror-of-death-audiogenic-software:audiogenic:probable,Audiogenic,probable,Spot On,SPOT FGAMES link 3777,http://www.users.globalnet.co.uk/~jg27paw4/spot-on/spotdata.zip,title: Lone Wolf - The Mirror of Death | printed_company: Audiogenic Software | summary/index: SPOT index entry for Lone Wolf - The Mirror of Death; publisher/label code resolves to Audiogenic Software.,Audiogenic,Publisher/label mention only,"Newcastle upon Tyne; seeded project context only, not proven by this magazine row",publisher only - external publisher attribution awaiting review,probable,"Demoted/kept out of confirmed because source row does not independently verify developer, employer, legal or location status."
connection:source-item-globalnet-spot-world-class-rugby-audiogenic-software:audiogenic:probable,Audiogenic,probable,Spot On,SPOT FGAMES link 4606,http://www.users.globalnet.co.uk/~jg27paw4/spot-on/spotdata.zip,title: World Class Rugby | printed_company: Audiogenic Software | summary/index: SPOT index entry for World Class Rugby; publisher/label code resolves to Audiogenic Software.,Audiogenic,Publisher/label mention only,"Newcastle upon Tyne; seeded project context only, not proven by this magazine row",publisher only - external publisher attribution awaiting review,probable,"Demoted/kept out of confirmed because source row does not independently verify developer, employer, legal or location status."
connection:source-item-globalnet-spot-data-genie-audiogenic-software:audiogenic:probable,Audiogenic,probable,Spot On,SPOT FGAMES link 5398,http://www.users.globalnet.co.uk/~jg27paw4/spot-on/spotdata.zip,title: Data Genie | printed_company: Audiogenic Software | summary/index: SPOT index entry for Data Genie; publisher/label code resolves to Audiogenic Software.,Audiogenic,Publisher/label mention only,"Newcastle upon Tyne; seeded project context only, not proven by this magazine row",publisher only - external publisher attribution awaiting review,probable,"Demoted/kept out of confirmed because source row does not independently verify developer, employer, legal or location status."
connection:source-item-globalnet-spot-audiogenic-audiogenic-software:audiogenic:probable,Audiogenic,probable,Spot On,SPOT FGAMES link 6048,http://www.users.globalnet.co.uk/~jg27paw4/spot-on/spotdata.zip,title: Audiogenic | printed_company: Audiogenic Software | summary/index: SPOT index entry for Audiogenic; publisher/label code resolves to Audiogenic Software.,Audiogenic,Publisher/label mention only,"Newcastle upon Tyne; seeded project context only, not proven by this magazine row",publisher only - external publisher attribution awaiting review,probable,"Demoted/kept out of confirmed because source row does not independently verify developer, employer, legal or location status."
connection:source-item-globalnet-spot-world-class-cricket-audiogenic-software:audiogenic:probable,Audiogenic,probable,Spot On,SPOT FGAMES link 6090,http://www.users.globalnet.co.uk/~jg27paw4/spot-on/spotdata.zip,title: World Class Cricket | printed_company: Audiogenic Software | summary/index: SPOT index entry for World Class Cricket; publisher/label code resolves to Audiogenic Software.,Audiogenic,Publisher/label mention only,"Newcastle upon Tyne; seeded project context only, not proven by this magazine row",publisher only - external publisher attribution awaiting review,probable,"Demoted/kept out of confirmed because source row does not independently verify developer, employer, legal or location status."
connection:source-item-globalnet-spot-american-football-audiogenic-software:audiogenic:probable,Audiogenic,probable,Spot On,SPOT FGAMES link 6095,http://www.users.globalnet.co.uk/~jg27paw4/spot-on/spotdata.zip,title: American Football | printed_company: Audiogenic Software | summary/index: SPOT index entry for American Football; publisher/label code resolves to Audiogenic Software.,Audiogenic,Publisher/label mention only,"Newcastle upon Tyne; seeded project context only, not proven by this magazine row",publisher only - external publisher attribution awaiting review,probable,"Demoted/kept out of confirmed because source row does not independently verify developer, employer, legal or location status."
connection:source-item-globalnet-spot-icon-graphix-audiogenic-software:audiogenic:probable,Audiogenic,probable,Spot On,SPOT FGAMES link 721,http://www.users.globalnet.co.uk/~jg27paw4/spot-on/spotdata.zip,title: Icon Graphix | printed_company: Audiogenic Software | summary/index: SPOT index entry for Icon Graphix; publisher/label code resolves to Audiogenic Software.,Audiogenic,Publisher/label mention only,"Newcastle upon Tyne; seeded project context only, not proven by this magazine row",publisher only - external publisher attribution awaiting review,probable,"Demoted/kept out of confirmed because source row does not independently verify developer, employer, legal or location status."
connection:source-item-globalnet-spot-elvira-the-arcade-game-flair-software:flair-software:candidate,Flair Software,candidate,Spot On,SPOT FGAMES link 6904,http://www.users.globalnet.co.uk/~jg27paw4/spot-on/spotdata.zip,title: Elvira - The Arcade Game | printed_company: Flair Software | summary/index: SPOT index entry for Elvira - The Arcade Game; publisher/label code resolves to Flair Software.,Flair Software,Keyword/place/name lead only,No record-level place evidence,reported connection requiring verification,candidate,Kept as candidate; keyword/name match only.
connection:source-item-globalnet-spot-bug-eyes-icon-software:icon-software:probable,Icon Software,probable,Spot On,SPOT FGAMES link 1969,http://www.users.globalnet.co.uk/~jg27paw4/spot-on/spotdata.zip,title: Bug-Eyes | printed_company: Icon Software | summary/index: SPOT index entry for Bug-Eyes; publisher/label code resolves to Icon Software.,Icon Software,Publisher/label mention only,"Newcastle upon Tyne; seeded project context only, not proven by this magazine row",publisher only - North East attribution awaiting review,probable,"Demoted/kept out of confirmed because source row does not independently verify developer, employer, legal or location status."
connection:source-item-globalnet-spot-frankenstein-2000-icon-software:icon-software:probable,Icon Software,probable,Spot On,SPOT FGAMES link 483,http://www.users.globalnet.co.uk/~jg27paw4/spot-on/spotdata.zip,title: Frankenstein 2000 | printed_company: Icon Software | summary/index: SPOT index entry for Frankenstein 2000; publisher/label code resolves to Icon Software.,Icon Software,Publisher/label mention only,"Newcastle upon Tyne; seeded project context only, not proven by this magazine row",publisher only - North East attribution awaiting review,probable,"Demoted/kept out of confirmed because source row does not independently verify developer, employer, legal or location status."
connection:source-item-globalnet-spot-merry-xmas-santa-icon-software:icon-software:probable,Icon Software,probable,Spot On,SPOT FGAMES link 7556,http://www.users.globalnet.co.uk/~jg27paw4/spot-on/spotdata.zip,title: Merry Xmas Santa | printed_company: Icon Software | summary/index: SPOT index entry for Merry Xmas Santa; publisher/label code resolves to Icon Software.,Icon Software,Publisher/label mention only,"Newcastle upon Tyne; seeded project context only, not proven by this magazine row",publisher only - North East attribution awaiting review,probable,"Demoted/kept out of confirmed because source row does not independently verify developer, employer, legal or location status."
connection:source-item-globalnet-spot-lunar-buggy-robert-stockton:lunar-buggy:candidate,Lunar Buggy,candidate,Spot On,SPOT FGAMES link 2779,http://www.users.globalnet.co.uk/~jg27paw4/spot-on/spotdata.zip,title: Lunar Buggy | printed_company: Robert Stockton | summary/index: SPOT index entry for Lunar Buggy; publisher/label code resolves to Robert Stockton.,Lunar Buggy,Keyword/place/name lead only,"Stockton-derived term is from title/name matching, not source-backed Stockton-on-Tees place evidence",reported connection requiring verification,candidate,Kept as candidate; keyword/name match only.
connection:source-item-globalnet-spot-lunar-flights-robert-stockton:lunar-flights:candidate,Lunar Flights,candidate,Spot On,SPOT FGAMES link 4337,http://www.users.globalnet.co.uk/~jg27paw4/spot-on/spotdata.zip,title: Lunar Flights | printed_company: Robert Stockton | summary/index: SPOT index entry for Lunar Flights; publisher/label code resolves to Robert Stockton.,Lunar Flights,Keyword/place/name lead only,"Stockton-derived term is from title/name matching, not source-backed Stockton-on-Tees place evidence",reported connection requiring verification,candidate,Kept as candidate; keyword/name match only.
connection:source-item-globalnet-spot-4-great-games-3-micro-value:micro-value:probable,Micro Value,probable,Spot On,SPOT FGAMES link 4019,http://www.users.globalnet.co.uk/~jg27paw4/spot-on/spotdata.zip,title: 4 Great Games 3 | printed_company: Micro Value | summary/index: SPOT index entry for 4 Great Games 3; publisher/label code resolves to Micro Value.,Micro Value,Publisher/label mention only,"Blaydon; seeded project context only, not proven by this magazine row",publisher only - North East attribution awaiting review,probable,"Demoted/kept out of confirmed because source row does not independently verify developer, employer, legal or location status."
connection:source-item-globalnet-spot-4-great-games-2-micro-value:micro-value:probable,Micro Value,probable,Spot On,SPOT FGAMES link 6165,http://www.users.globalnet.co.uk/~jg27paw4/spot-on/spotdata.zip,title: 4 Great Games 2 | printed_company: Micro Value | summary/index: SPOT index entry for 4 Great Games 2; publisher/label code resolves to Micro Value.,Micro Value,Publisher/label mention only,"Blaydon; seeded project context only, not proven by this magazine row",publisher only - North East attribution awaiting review,probable,"Demoted/kept out of confirmed because source row does not independently verify developer, employer, legal or location status."
connection:source-item-crash-028-dr-who-competition:micropower:candidate,Micropower,candidate,Crash,CRASH issue 028,https://www.crashonline.org.uk/28/index.htm,title: DR WHO COMPETITION | summary/index: All sorts of Dr Who goodies on offer in this delightful little challenge... Micropower are stumping up the prizes,Micropower,Keyword/place/name lead only,No record-level place evidence,reported connection requiring verification,candidate,Kept as candidate; keyword/name match only.
connection:source-item-globalnet-spot-reflections-artic-computing:reflections:probable,Reflections,probable,Spot On,SPOT FGAMES link 5065,http://www.users.globalnet.co.uk/~jg27paw4/spot-on/spotdata.zip,title: Reflections | printed_company: Artic Computing | summary/index: SPOT index entry for Reflections; publisher/label code resolves to Artic Computing.,Reflections,Publisher/label mention only,"Newcastle upon Tyne; seeded project context only, not proven by this magazine row",publisher only - North East attribution awaiting review,probable,"Demoted/kept out of confirmed because source row does not independently verify developer, employer, legal or location status."
connection:source-item-globalnet-spot-snake-robert-stockton:snake:candidate,Snake,candidate,Spot On,SPOT FGAMES link 2817,http://www.users.globalnet.co.uk/~jg27paw4/spot-on/spotdata.zip,title: Snake | printed_company: Robert Stockton | summary/index: SPOT index entry for Snake; publisher/label code resolves to Robert Stockton.,Snake,Keyword/place/name lead only,"Stockton-derived term is from title/name matching, not source-backed Stockton-on-Tees place evidence",reported connection requiring verification,candidate,Kept as candidate; keyword/name match only.
connection:source-item-globalnet-spot-repton-mania-superior-software:superior-software:candidate,Superior Software,candidate,Spot On,SPOT FGAMES link 1369,http://www.users.globalnet.co.uk/~jg27paw4/spot-on/spotdata.zip,title: Repton Mania | printed_company: Superior Software | summary/index: SPOT index entry for Repton Mania; publisher/label code resolves to Superior Software.,Superior Software,Keyword/place/name lead only,No record-level place evidence,reported connection requiring verification,candidate,Kept as candidate; keyword/name match only.
connection:source-item-globalnet-spot-by-fair-means-or-foul-superior-software:superior-software:candidate,Superior Software,candidate,Spot On,SPOT FGAMES link 1486,http://www.users.globalnet.co.uk/~jg27paw4/spot-on/spotdata.zip,title: By Fair Means or Foul | printed_company: Superior Software | summary/index: SPOT index entry for By Fair Means or Foul; publisher/label code resolves to Superior Software.,Superior Software,Keyword/place/name lead only,No record-level place evidence,reported connection requiring verification,candidate,Kept as candidate; keyword/name match only.
connection:source-item-globalnet-spot-superior-software-superior-software:superior-software:candidate,Superior Software,candidate,Spot On,SPOT FGAMES link 6035,http://www.users.globalnet.co.uk/~jg27paw4/spot-on/spotdata.zip,title: Superior Software | printed_company: Superior Software | summary/index: SPOT index entry for Superior Software; publisher/label code resolves to Superior Software.,Superior Software,Keyword/place/name lead only,No record-level place evidence,reported connection requiring verification,candidate,Kept as candidate; keyword/name match only.
connection:source-item-globalnet-spot-repton-superior-software:superior-software:candidate,Superior Software,candidate,Spot On,SPOT FGAMES link 6393,http://www.users.globalnet.co.uk/~jg27paw4/spot-on/spotdata.zip,title: Repton | printed_company: Superior Software | summary/index: SPOT index entry for Repton; publisher/label code resolves to Superior Software.,Superior Software,Keyword/place/name lead only,No record-level place evidence,reported connection requiring verification,candidate,Kept as candidate; keyword/name match only.
connection:source-item-globalnet-spot-and-all-because-superior-software:superior-software:candidate,Superior Software,candidate,Spot On,SPOT FGAMES link 6791,http://www.users.globalnet.co.uk/~jg27paw4/spot-on/spotdata.zip,title: And All Because ... | printed_company: Superior Software | summary/index: SPOT index entry for And All Because ...; publisher/label code resolves to Superior Software.,Superior Software,Keyword/place/name lead only,No record-level place evidence,reported connection requiring verification,candidate,Kept as candidate; keyword/name match only.
connection:source-item-globalnet-spot-circus-games-tynesoft:tynesoft:probable,Tynesoft,probable,Spot On,SPOT FGAMES link 1512,http://www.users.globalnet.co.uk/~jg27paw4/spot-on/spotdata.zip,title: Circus Games | printed_company: Tynesoft | summary/index: SPOT index entry for Circus Games; publisher/label code resolves to Tynesoft.,Tynesoft,Publisher/label mention only,"Blaydon; seeded project context only, not proven by this magazine row",publisher only - North East attribution awaiting review,probable,"Demoted/kept out of confirmed because source row does not independently verify developer, employer, legal or location status."
connection:source-item-globalnet-spot-super-gran-tynesoft:tynesoft:probable,Tynesoft,probable,Spot On,SPOT FGAMES link 1810,http://www.users.globalnet.co.uk/~jg27paw4/spot-on/spotdata.zip,title: Super Gran | printed_company: Tynesoft | summary/index: SPOT index entry for Super Gran; publisher/label code resolves to Tynesoft.,Tynesoft,Publisher/label mention only,"Blaydon; seeded project context only, not proven by this magazine row",publisher only - North East attribution awaiting review,probable,"Demoted/kept out of confirmed because source row does not independently verify developer, employer, legal or location status."
connection:source-item-globalnet-spot-winter-olympiad-88-tynesoft:tynesoft:probable,Tynesoft,probable,Spot On,SPOT FGAMES link 2161,http://www.users.globalnet.co.uk/~jg27paw4/spot-on/spotdata.zip,title: Winter Olympiad '88 | printed_company: Tynesoft | summary/index: SPOT index entry for Winter Olympiad '88; publisher/label code resolves to Tynesoft.,Tynesoft,Publisher/label mention only,"Blaydon; seeded project context only, not proven by this magazine row",publisher only - North East attribution awaiting review,probable,"Demoted/kept out of confirmed because source row does not independently verify developer, employer, legal or location status."
connection:source-item-globalnet-spot-buffalo-bills-wild-west-rodeo-show-tynesoft:tynesoft:probable,Tynesoft,probable,Spot On,SPOT FGAMES link 2332,http://www.users.globalnet.co.uk/~jg27paw4/spot-on/spotdata.zip,title: Buffalo Bill's Wild West Rodeo Show | printed_company: Tynesoft | summary/index: SPOT index entry for Buffalo Bill's Wild West Rodeo Show; publisher/label code resolves to Tynesoft.,Tynesoft,Publisher/label mention only,"Blaydon; seeded project context only, not proven by this magazine row",publisher only - North East attribution awaiting review,probable,"Demoted/kept out of confirmed because source row does not independently verify developer, employer, legal or location status."
connection:source-item-globalnet-spot-summer-olympiad-tynesoft:tynesoft:probable,Tynesoft,probable,Spot On,SPOT FGAMES link 4029,http://www.users.globalnet.co.uk/~jg27paw4/spot-on/spotdata.zip,title: Summer Olympiad | printed_company: Tynesoft | summary/index: SPOT index entry for Summer Olympiad; publisher/label code resolves to Tynesoft.,Tynesoft,Publisher/label mention only,"Blaydon; seeded project context only, not proven by this magazine row",publisher only - North East attribution awaiting review,probable,"Demoted/kept out of confirmed because source row does not independently verify developer, employer, legal or location status."
connection:source-item-globalnet-spot-superman-the-man-of-steel-tynesoft:tynesoft:probable,Tynesoft,probable,Spot On,SPOT FGAMES link 4051,http://www.users.globalnet.co.uk/~jg27paw4/spot-on/spotdata.zip,title: Superman - The Man of Steel | printed_company: Tynesoft | summary/index: SPOT index entry for Superman - The Man of Steel; publisher/label code resolves to Tynesoft.,Tynesoft,Publisher/label mention only,"Blaydon; seeded project context only, not proven by this magazine row",publisher only - North East attribution awaiting review,probable,"Demoted/kept out of confirmed because source row does not independently verify developer, employer, legal or location status."
connection:source-item-globalnet-spot-colin-the-cleaner-who-said-that-tynesoft:tynesoft:probable,Tynesoft,probable,Spot On,SPOT FGAMES link 4110,http://www.users.globalnet.co.uk/~jg27paw4/spot-on/spotdata.zip,title: Colin the Cleaner + Who Said That? | printed_company: Tynesoft | summary/index: SPOT index entry for Colin the Cleaner + Who Said That?; publisher/label code resolves to Tynesoft.,Tynesoft,Publisher/label mention only,"Blaydon; seeded project context only, not proven by this magazine row",publisher only - North East attribution awaiting review,probable,"Demoted/kept out of confirmed because source row does not independently verify developer, employer, legal or location status."
connection:source-item-globalnet-spot-who-said-that-colin-the-cleaner-tynesoft:tynesoft:probable,Tynesoft,probable,Spot On,SPOT FGAMES link 4111,http://www.users.globalnet.co.uk/~jg27paw4/spot-on/spotdata.zip,title: Who Said That? + Colin the Cleaner                             @ | printed_company: Tynesoft | summary/index: SPOT index entry for Who Said That? + Colin the Cleaner @; publisher/label code resolves to Tynesoft.,Tynesoft,Publisher/label mention only,"Blaydon; seeded project context only, not proven by this magazine row",publisher only - North East attribution awaiting review,probable,"Demoted/kept out of confirmed because source row does not independently verify developer, employer, legal or location status."
connection:source-item-globalnet-spot-micro-value-pack-tynesoft:tynesoft:probable,Tynesoft,probable,Spot On,SPOT FGAMES link 4647,http://www.users.globalnet.co.uk/~jg27paw4/spot-on/spotdata.zip,title: Micro Value Pack | printed_company: Tynesoft | summary/index: SPOT index entry for Micro Value Pack; publisher/label code resolves to Tynesoft.,Tynesoft,Publisher/label mention only,"Blaydon; seeded project context only, not proven by this magazine row",publisher only - North East attribution awaiting review,probable,"Demoted/kept out of confirmed because source row does not independently verify developer, employer, legal or location status."
connection:source-item-globalnet-spot-auf-wiedersehen-pet-tynesoft:tynesoft:probable,Tynesoft,probable,Spot On,SPOT FGAMES link 4748,http://www.users.globalnet.co.uk/~jg27paw4/spot-on/spotdata.zip,title: Auf Wiedersehen Pet | printed_company: Tynesoft | summary/index: SPOT index entry for Auf Wiedersehen Pet; publisher/label code resolves to Tynesoft.,Tynesoft,Publisher/label mention only,"Blaydon; seeded project context only, not proven by this magazine row",publisher only - North East attribution awaiting review,probable,"Demoted/kept out of confirmed because source row does not independently verify developer, employer, legal or location status."
connection:source-item-globalnet-spot-beverly-hills-cop-tynesoft:tynesoft:probable,Tynesoft,probable,Spot On,SPOT FGAMES link 4949,http://www.users.globalnet.co.uk/~jg27paw4/spot-on/spotdata.zip,title: Beverly Hills Cop | printed_company: Tynesoft | summary/index: SPOT index entry for Beverly Hills Cop; publisher/label code resolves to Tynesoft.,Tynesoft,Publisher/label mention only,"Blaydon; seeded project context only, not proven by this magazine row",publisher only - North East attribution awaiting review,probable,"Demoted/kept out of confirmed because source row does not independently verify developer, employer, legal or location status."
connection:source-item-globalnet-spot-super-gran-the-adventure-tynesoft:tynesoft:probable,Tynesoft,probable,Spot On,SPOT FGAMES link 5678,http://www.users.globalnet.co.uk/~jg27paw4/spot-on/spotdata.zip,title: Super Gran - The Adventure | printed_company: Tynesoft | summary/index: SPOT index entry for Super Gran - The Adventure; publisher/label code resolves to Tynesoft.,Tynesoft,Publisher/label mention only,"Blaydon; seeded project context only, not proven by this magazine row",publisher only - North East attribution awaiting review,probable,"Demoted/kept out of confirmed because source row does not independently verify developer, employer, legal or location status."
connection:source-item-globalnet-spot-bingo-tynesoft:tynesoft:probable,Tynesoft,probable,Spot On,SPOT FGAMES link 5719,http://www.users.globalnet.co.uk/~jg27paw4/spot-on/spotdata.zip,title: Bingo | printed_company: Tynesoft | summary/index: SPOT index entry for Bingo; publisher/label code resolves to Tynesoft.,Tynesoft,Publisher/label mention only,"Blaydon; seeded project context only, not proven by this magazine row",publisher only - North East attribution awaiting review,probable,"Demoted/kept out of confirmed because source row does not independently verify developer, employer, legal or location status."
connection:source-item-globalnet-spot-ian-bothams-test-match-tynesoft:tynesoft:probable,Tynesoft,probable,Spot On,SPOT FGAMES link 5793,http://www.users.globalnet.co.uk/~jg27paw4/spot-on/spotdata.zip,title: Ian Botham's Test Match | printed_company: Tynesoft | summary/index: SPOT index entry for Ian Botham's Test Match; publisher/label code resolves to Tynesoft.,Tynesoft,Publisher/label mention only,"Blaydon; seeded project context only, not proven by this magazine row",publisher only - North East attribution awaiting review,probable,"Demoted/kept out of confirmed because source row does not independently verify developer, employer, legal or location status."
connection:source-item-globalnet-spot-tynesoft-tynesoft:tynesoft:probable,Tynesoft,probable,Spot On,SPOT FGAMES link 6083,http://www.users.globalnet.co.uk/~jg27paw4/spot-on/spotdata.zip,title: Tynesoft | printed_company: Tynesoft | summary/index: SPOT index entry for Tynesoft; publisher/label code resolves to Tynesoft.,Tynesoft,Publisher/label mention only,"Blaydon; seeded project context only, not proven by this magazine row",publisher only - North East attribution awaiting review,probable,"Demoted/kept out of confirmed because source row does not independently verify developer, employer, legal or location status."
connection:source-item-globalnet-spot-dargons-crypt-venom-games:venom-games:candidate,Venom Games,candidate,Spot On,SPOT FGAMES link 4645,http://www.users.globalnet.co.uk/~jg27paw4/spot-on/spotdata.zip,title: Dargon's Crypt | printed_company: Venom Games | summary/index: SPOT index entry for Dargon's Crypt; publisher/label code resolves to Venom Games.,Venom Games,Keyword/place/name lead only,No record-level place evidence,reported connection requiring verification,candidate,Kept as candidate; keyword/name match only.
connection:source-item-crash-064-budget-bureau:zeppelin:probable,Zeppelin,probable,Crash,CRASH issue 064,https://www.crashonline.org.uk/64/index.htm,title: BUDGET BUREAU | summary/index: ADVANCED SOCCER SIMULATOR MAD BARRY MCGUIGAN’S WORLD CHAMPIONSHIP BOXING Mastertronic+ BATTLETANK SIMULATOR Zeppelin BMX SIMULATOR 2 Code Masters GUNRUNNER Rack-It HEARTBROKEN Atlantis HEAVY ON THE MAGICK Rebound HOW TO BE A COMPLETE BASTA…,Zeppelin,Publisher/label mention only,"Newcastle upon Tyne; seeded project context only, not proven by this magazine row",publisher only - North East attribution awaiting review,probable,"Demoted/kept out of confirmed because source row does not independently verify developer, employer, legal or location status."
connection:source-item-crash-096-happenings:zeppelin:probable,Zeppelin,probable,Crash,CRASH issue 096,https://www.crashonline.org.uk/96/happenings.htm,"title: HAPPENINGS | summary/index: It’s the weird and wacky Addams Family, Ocean’s latest acquisition. Plus a new biking game from Zeppelin and (sob!) Corky Caswell’s departure.",Zeppelin,Publisher/label mention only,"Newcastle upon Tyne; seeded project context only, not proven by this magazine row",publisher only - North East attribution awaiting review,probable,"Demoted/kept out of confirmed because source row does not independently verify developer, employer, legal or location status."
connection:source-item-globalnet-spot-2088-zeppelin-games:zeppelin-games:probable,Zeppelin Games,probable,Spot On,SPOT FGAMES link 1216,http://www.users.globalnet.co.uk/~jg27paw4/spot-on/spotdata.zip,title: 2088 | printed_company: Zeppelin Games | summary/index: SPOT index entry for 2088; publisher/label code resolves to Zeppelin Games.,Zeppelin Games,Publisher/label mention only,"Newcastle upon Tyne; seeded project context only, not proven by this magazine row",publisher only - North East attribution awaiting review,probable,"Demoted/kept out of confirmed because source row does not independently verify developer, employer, legal or location status."
connection:source-item-globalnet-spot-sabotage-zeppelin-games:zeppelin-games:probable,Zeppelin Games,probable,Spot On,SPOT FGAMES link 1270,http://www.users.globalnet.co.uk/~jg27paw4/spot-on/spotdata.zip,title: Sabotage | printed_company: Zeppelin Games | summary/index: SPOT index entry for Sabotage; publisher/label code resolves to Zeppelin Games.,Zeppelin Games,Publisher/label mention only,"Newcastle upon Tyne; seeded project context only, not proven by this magazine row",publisher only - North East attribution awaiting review,probable,"Demoted/kept out of confirmed because source row does not independently verify developer, employer, legal or location status."
connection:source-item-globalnet-spot-draconus-zeppelin-games:zeppelin-games:probable,Zeppelin Games,probable,Spot On,SPOT FGAMES link 1329,http://www.users.globalnet.co.uk/~jg27paw4/spot-on/spotdata.zip,title: Draconus | printed_company: Zeppelin Games | summary/index: SPOT index entry for Draconus; publisher/label code resolves to Zeppelin Games.,Zeppelin Games,Publisher/label mention only,"Newcastle upon Tyne; seeded project context only, not proven by this magazine row",publisher only - North East attribution awaiting review,probable,"Demoted/kept out of confirmed because source row does not independently verify developer, employer, legal or location status."
connection:source-item-globalnet-spot-las-vegas-casino-zeppelin-games:zeppelin-games:probable,Zeppelin Games,probable,Spot On,SPOT FGAMES link 1518,http://www.users.globalnet.co.uk/~jg27paw4/spot-on/spotdata.zip,title: Las Vegas Casino | printed_company: Zeppelin Games | summary/index: SPOT index entry for Las Vegas Casino; publisher/label code resolves to Zeppelin Games.,Zeppelin Games,Publisher/label mention only,"Newcastle upon Tyne; seeded project context only, not proven by this magazine row",publisher only - North East attribution awaiting review,probable,"Demoted/kept out of confirmed because source row does not independently verify developer, employer, legal or location status."
connection:source-item-globalnet-spot-jocky-wilsons-darts-challenge-zeppelin-games:zeppelin-games:probable,Zeppelin Games,probable,Spot On,SPOT FGAMES link 1536,http://www.users.globalnet.co.uk/~jg27paw4/spot-on/spotdata.zip,title: Jocky Wilson's Darts Challenge | printed_company: Zeppelin Games | summary/index: SPOT index entry for Jocky Wilson's Darts Challenge; publisher/label code resolves to Zeppelin Games.,Zeppelin Games,Publisher/label mention only,"Newcastle upon Tyne; seeded project context only, not proven by this magazine row",publisher only - North East attribution awaiting review,probable,"Demoted/kept out of confirmed because source row does not independently verify developer, employer, legal or location status."
connection:source-item-globalnet-spot-rally-simulator-zeppelin-games:zeppelin-games:probable,Zeppelin Games,probable,Spot On,SPOT FGAMES link 1537,http://www.users.globalnet.co.uk/~jg27paw4/spot-on/spotdata.zip,title: Rally Simulator | printed_company: Zeppelin Games | summary/index: SPOT index entry for Rally Simulator; publisher/label code resolves to Zeppelin Games.,Zeppelin Games,Publisher/label mention only,"Newcastle upon Tyne; seeded project context only, not proven by this magazine row",publisher only - North East attribution awaiting review,probable,"Demoted/kept out of confirmed because source row does not independently verify developer, employer, legal or location status."
connection:source-item-globalnet-spot-frontline-zeppelin-games:zeppelin-games:probable,Zeppelin Games,probable,Spot On,SPOT FGAMES link 2240,http://www.users.globalnet.co.uk/~jg27paw4/spot-on/spotdata.zip,title: Frontline | printed_company: Zeppelin Games | summary/index: SPOT index entry for Frontline; publisher/label code resolves to Zeppelin Games.,Zeppelin Games,Publisher/label mention only,"Newcastle upon Tyne; seeded project context only, not proven by this magazine row",publisher only - North East attribution awaiting review,probable,"Demoted/kept out of confirmed because source row does not independently verify developer, employer, legal or location status."
connection:source-item-globalnet-spot-para-assault-course-zeppelin-games:zeppelin-games:probable,Zeppelin Games,probable,Spot On,SPOT FGAMES link 2308,http://www.users.globalnet.co.uk/~jg27paw4/spot-on/spotdata.zip,title: Para Assault Course | printed_company: Zeppelin Games | summary/index: SPOT index entry for Para Assault Course; publisher/label code resolves to Zeppelin Games.,Zeppelin Games,Publisher/label mention only,"Newcastle upon Tyne; seeded project context only, not proven by this magazine row",publisher only - North East attribution awaiting review,probable,"Demoted/kept out of confirmed because source row does not independently verify developer, employer, legal or location status."
connection:source-item-globalnet-spot-zybex-zeppelin-games:zeppelin-games:probable,Zeppelin Games,probable,Spot On,SPOT FGAMES link 2309,http://www.users.globalnet.co.uk/~jg27paw4/spot-on/spotdata.zip,title: Zybex | printed_company: Zeppelin Games | summary/index: SPOT index entry for Zybex; publisher/label code resolves to Zeppelin Games.,Zeppelin Games,Publisher/label mention only,"Newcastle upon Tyne; seeded project context only, not proven by this magazine row",publisher only - North East attribution awaiting review,probable,"Demoted/kept out of confirmed because source row does not independently verify developer, employer, legal or location status."
connection:source-item-globalnet-spot-blinkys-scary-school-zeppelin-games:zeppelin-games:probable,Zeppelin Games,probable,Spot On,SPOT FGAMES link 2486,http://www.users.globalnet.co.uk/~jg27paw4/spot-on/spotdata.zip,title: Blinky's Scary School | printed_company: Zeppelin Games | summary/index: SPOT index entry for Blinky's Scary School; publisher/label code resolves to Zeppelin Games.,Zeppelin Games,Publisher/label mention only,"Newcastle upon Tyne; seeded project context only, not proven by this magazine row",publisher only - North East attribution awaiting review,probable,"Demoted/kept out of confirmed because source row does not independently verify developer, employer, legal or location status."
connection:source-item-globalnet-spot-arcade-trivia-quiz-zeppelin-games:zeppelin-games:probable,Zeppelin Games,probable,Spot On,SPOT FGAMES link 2501,http://www.users.globalnet.co.uk/~jg27paw4/spot-on/spotdata.zip,title: Arcade Trivia Quiz | printed_company: Zeppelin Games | summary/index: SPOT index entry for Arcade Trivia Quiz; publisher/label code resolves to Zeppelin Games.,Zeppelin Games,Publisher/label mention only,"Newcastle upon Tyne; seeded project context only, not proven by this magazine row",publisher only - North East attribution awaiting review,probable,"Demoted/kept out of confirmed because source row does not independently verify developer, employer, legal or location status."
connection:source-item-globalnet-spot-mountain-bike-racer-zeppelin-games:zeppelin-games:probable,Zeppelin Games,probable,Spot On,SPOT FGAMES link 2502,http://www.users.globalnet.co.uk/~jg27paw4/spot-on/spotdata.zip,title: Mountain Bike Racer | printed_company: Zeppelin Games | summary/index: SPOT index entry for Mountain Bike Racer; publisher/label code resolves to Zeppelin Games.,Zeppelin Games,Publisher/label mention only,"Newcastle upon Tyne; seeded project context only, not proven by this magazine row",publisher only - North East attribution awaiting review,probable,"Demoted/kept out of confirmed because source row does not independently verify developer, employer, legal or location status."
connection:source-item-globalnet-spot-arcade-fruit-machine-zeppelin-games:zeppelin-games:probable,Zeppelin Games,probable,Spot On,SPOT FGAMES link 2504,http://www.users.globalnet.co.uk/~jg27paw4/spot-on/spotdata.zip,title: Arcade Fruit Machine | printed_company: Zeppelin Games | summary/index: SPOT index entry for Arcade Fruit Machine; publisher/label code resolves to Zeppelin Games.,Zeppelin Games,Publisher/label mention only,"Newcastle upon Tyne; seeded project context only, not proven by this magazine row",publisher only - North East attribution awaiting review,probable,"Demoted/kept out of confirmed because source row does not independently verify developer, employer, legal or location status."
connection:source-item-globalnet-spot-world-soccer-zeppelin-games:zeppelin-games:probable,Zeppelin Games,probable,Spot On,SPOT FGAMES link 2505,http://www.users.globalnet.co.uk/~jg27paw4/spot-on/spotdata.zip,title: World Soccer | printed_company: Zeppelin Games | summary/index: SPOT index entry for World Soccer; publisher/label code resolves to Zeppelin Games.,Zeppelin Games,Publisher/label mention only,"Newcastle upon Tyne; seeded project context only, not proven by this magazine row",publisher only - North East attribution awaiting review,probable,"Demoted/kept out of confirmed because source row does not independently verify developer, employer, legal or location status."
connection:source-item-globalnet-spot-spaghetti-western-simulator-zeppelin-games:zeppelin-games:probable,Zeppelin Games,probable,Spot On,SPOT FGAMES link 2577,http://www.users.globalnet.co.uk/~jg27paw4/spot-on/spotdata.zip,title: Spaghetti Western Simulator | printed_company: Zeppelin Games | summary/index: SPOT index entry for Spaghetti Western Simulator; publisher/label code resolves to Zeppelin Games.,Zeppelin Games,Publisher/label mention only,"Newcastle upon Tyne; seeded project context only, not proven by this magazine row",publisher only - North East attribution awaiting review,probable,"Demoted/kept out of confirmed because source row does not independently verify developer, employer, legal or location status."
connection:source-item-globalnet-spot-fantastic-american-football-zeppelin-games:zeppelin-games:probable,Zeppelin Games,probable,Spot On,SPOT FGAMES link 2582,http://www.users.globalnet.co.uk/~jg27paw4/spot-on/spotdata.zip,title: Fantastic American Football | printed_company: Zeppelin Games | summary/index: SPOT index entry for Fantastic American Football; publisher/label code resolves to Zeppelin Games.,Zeppelin Games,Publisher/label mention only,"Newcastle upon Tyne; seeded project context only, not proven by this magazine row",publisher only - North East attribution awaiting review,probable,"Demoted/kept out of confirmed because source row does not independently verify developer, employer, legal or location status."
connection:source-item-globalnet-spot-you-are-santa-claus-zeppelin-games:zeppelin-games:probable,Zeppelin Games,probable,Spot On,SPOT FGAMES link 2647,http://www.users.globalnet.co.uk/~jg27paw4/spot-on/spotdata.zip,title: You are Santa Claus | printed_company: Zeppelin Games | summary/index: SPOT index entry for You are Santa Claus; publisher/label code resolves to Zeppelin Games.,Zeppelin Games,Publisher/label mention only,"Newcastle upon Tyne; seeded project context only, not proven by this magazine row",publisher only - North East attribution awaiting review,probable,"Demoted/kept out of confirmed because source row does not independently verify developer, employer, legal or location status."
connection:source-item-globalnet-spot-f-1-tornado-zeppelin-games:zeppelin-games:probable,Zeppelin Games,probable,Spot On,SPOT FGAMES link 2659,http://www.users.globalnet.co.uk/~jg27paw4/spot-on/spotdata.zip,title: F-1 Tornado | printed_company: Zeppelin Games | summary/index: SPOT index entry for F-1 Tornado; publisher/label code resolves to Zeppelin Games.,Zeppelin Games,Publisher/label mention only,"Newcastle upon Tyne; seeded project context only, not proven by this magazine row",publisher only - North East attribution awaiting review,probable,"Demoted/kept out of confirmed because source row does not independently verify developer, employer, legal or location status."
connection:source-item-globalnet-spot-kickbox-vigilante-zeppelin-games:zeppelin-games:probable,Zeppelin Games,probable,Spot On,SPOT FGAMES link 2660,http://www.users.globalnet.co.uk/~jg27paw4/spot-on/spotdata.zip,title: Kickbox Vigilante | printed_company: Zeppelin Games | summary/index: SPOT index entry for Kickbox Vigilante; publisher/label code resolves to Zeppelin Games.,Zeppelin Games,Publisher/label mention only,"Newcastle upon Tyne; seeded project context only, not proven by this magazine row",publisher only - North East attribution awaiting review,probable,"Demoted/kept out of confirmed because source row does not independently verify developer, employer, legal or location status."
connection:source-item-globalnet-spot-professional-go-kart-simulator-zeppelin-games:zeppelin-games:probable,Zeppelin Games,probable,Spot On,SPOT FGAMES link 3794,http://www.users.globalnet.co.uk/~jg27paw4/spot-on/spotdata.zip,title: Professional Go-Kart Simulator | printed_company: Zeppelin Games | summary/index: SPOT index entry for Professional Go-Kart Simulator; publisher/label code resolves to Zeppelin Games.,Zeppelin Games,Publisher/label mention only,"Newcastle upon Tyne; seeded project context only, not proven by this magazine row",publisher only - North East attribution awaiting review,probable,"Demoted/kept out of confirmed because source row does not independently verify developer, employer, legal or location status."
connection:source-item-globalnet-spot-ninja-commando-zeppelin-games:zeppelin-games:probable,Zeppelin Games,probable,Spot On,SPOT FGAMES link 3910,http://www.users.globalnet.co.uk/~jg27paw4/spot-on/spotdata.zip,title: Ninja Commando | printed_company: Zeppelin Games | summary/index: SPOT index entry for Ninja Commando; publisher/label code resolves to Zeppelin Games.,Zeppelin Games,Publisher/label mention only,"Newcastle upon Tyne; seeded project context only, not proven by this magazine row",publisher only - North East attribution awaiting review,probable,"Demoted/kept out of confirmed because source row does not independently verify developer, employer, legal or location status."
connection:source-item-globalnet-spot-match-of-the-day-zeppelin-games:zeppelin-games:probable,Zeppelin Games,probable,Spot On,SPOT FGAMES link 3952,http://www.users.globalnet.co.uk/~jg27paw4/spot-on/spotdata.zip,title: Match of the Day | printed_company: Zeppelin Games | summary/index: SPOT index entry for Match of the Day; publisher/label code resolves to Zeppelin Games.,Zeppelin Games,Publisher/label mention only,"Newcastle upon Tyne; seeded project context only, not proven by this magazine row",publisher only - North East attribution awaiting review,probable,"Demoted/kept out of confirmed because source row does not independently verify developer, employer, legal or location status."
connection:source-item-globalnet-spot-sleepwalker-zeppelin-games:zeppelin-games:probable,Zeppelin Games,probable,Spot On,SPOT FGAMES link 3959,http://www.users.globalnet.co.uk/~jg27paw4/spot-on/spotdata.zip,title: Sleepwalker | printed_company: Zeppelin Games | summary/index: SPOT index entry for Sleepwalker; publisher/label code resolves to Zeppelin Games.,Zeppelin Games,Publisher/label mention only,"Newcastle upon Tyne; seeded project context only, not proven by this magazine row",publisher only - North East attribution awaiting review,probable,"Demoted/kept out of confirmed because source row does not independently verify developer, employer, legal or location status."
connection:source-item-globalnet-spot-4x4-combat-pack-zeppelin-games:zeppelin-games:probable,Zeppelin Games,probable,Spot On,SPOT FGAMES link 3977,http://www.users.globalnet.co.uk/~jg27paw4/spot-on/spotdata.zip,title: 4x4 Combat Pack | printed_company: Zeppelin Games | summary/index: SPOT index entry for 4x4 Combat Pack; publisher/label code resolves to Zeppelin Games.,Zeppelin Games,Publisher/label mention only,"Newcastle upon Tyne; seeded project context only, not proven by this magazine row",publisher only - North East attribution awaiting review,probable,"Demoted/kept out of confirmed because source row does not independently verify developer, employer, legal or location status."
connection:source-item-globalnet-spot-full-throttle-2-zeppelin-games:zeppelin-games:probable,Zeppelin Games,probable,Spot On,SPOT FGAMES link 4058,http://www.users.globalnet.co.uk/~jg27paw4/spot-on/spotdata.zip,title: Full Throttle 2 | printed_company: Zeppelin Games | summary/index: SPOT index entry for Full Throttle 2; publisher/label code resolves to Zeppelin Games.,Zeppelin Games,Publisher/label mention only,"Newcastle upon Tyne; seeded project context only, not proven by this magazine row",publisher only - North East attribution awaiting review,probable,"Demoted/kept out of confirmed because source row does not independently verify developer, employer, legal or location status."
connection:source-item-globalnet-spot-sharkeys-moll-zeppelin-games:zeppelin-games:probable,Zeppelin Games,probable,Spot On,SPOT FGAMES link 4070,http://www.users.globalnet.co.uk/~jg27paw4/spot-on/spotdata.zip,title: Sharkey's Moll | printed_company: Zeppelin Games | summary/index: SPOT index entry for Sharkey's Moll; publisher/label code resolves to Zeppelin Games.,Zeppelin Games,Publisher/label mention only,"Newcastle upon Tyne; seeded project context only, not proven by this magazine row",publisher only - North East attribution awaiting review,probable,"Demoted/kept out of confirmed because source row does not independently verify developer, employer, legal or location status."
connection:source-item-globalnet-spot-stack-up-zeppelin-games:zeppelin-games:probable,Zeppelin Games,probable,Spot On,SPOT FGAMES link 4082,http://www.users.globalnet.co.uk/~jg27paw4/spot-on/spotdata.zip,title: Stack Up | printed_company: Zeppelin Games | summary/index: SPOT index entry for Stack Up; publisher/label code resolves to Zeppelin Games.,Zeppelin Games,Publisher/label mention only,"Newcastle upon Tyne; seeded project context only, not proven by this magazine row",publisher only - North East attribution awaiting review,probable,"Demoted/kept out of confirmed because source row does not independently verify developer, employer, legal or location status."
connection:source-item-globalnet-spot-dirt-track-racer-zeppelin-games:zeppelin-games:probable,Zeppelin Games,probable,Spot On,SPOT FGAMES link 4083,http://www.users.globalnet.co.uk/~jg27paw4/spot-on/spotdata.zip,title: Dirt Track Racer | printed_company: Zeppelin Games | summary/index: SPOT index entry for Dirt Track Racer; publisher/label code resolves to Zeppelin Games.,Zeppelin Games,Publisher/label mention only,"Newcastle upon Tyne; seeded project context only, not proven by this magazine row",publisher only - North East attribution awaiting review,probable,"Demoted/kept out of confirmed because source row does not independently verify developer, employer, legal or location status."
connection:source-item-globalnet-spot-phileas-foggs-balloon-battles-zeppelin-games:zeppelin-games:probable,Zeppelin Games,probable,Spot On,SPOT FGAMES link 4172,http://www.users.globalnet.co.uk/~jg27paw4/spot-on/spotdata.zip,title: Phileas Fogg's Balloon Battles | printed_company: Zeppelin Games | summary/index: SPOT index entry for Phileas Fogg's Balloon Battles; publisher/label code resolves to Zeppelin Games.,Zeppelin Games,Publisher/label mention only,"Newcastle upon Tyne; seeded project context only, not proven by this magazine row",publisher only - North East attribution awaiting review,probable,"Demoted/kept out of confirmed because source row does not independently verify developer, employer, legal or location status."
connection:source-item-globalnet-spot-world-cricket-zeppelin-games:zeppelin-games:probable,Zeppelin Games,probable,Spot On,SPOT FGAMES link 4174,http://www.users.globalnet.co.uk/~jg27paw4/spot-on/spotdata.zip,title: World Cricket | printed_company: Zeppelin Games | summary/index: SPOT index entry for World Cricket; publisher/label code resolves to Zeppelin Games.,Zeppelin Games,Publisher/label mention only,"Newcastle upon Tyne; seeded project context only, not proven by this magazine row",publisher only - North East attribution awaiting review,probable,"Demoted/kept out of confirmed because source row does not independently verify developer, employer, legal or location status."
connection:source-item-globalnet-spot-titanic-blinky-zeppelin-games:zeppelin-games:probable,Zeppelin Games,probable,Spot On,SPOT FGAMES link 4658,http://www.users.globalnet.co.uk/~jg27paw4/spot-on/spotdata.zip,title: Titanic Blinky | printed_company: Zeppelin Games | summary/index: SPOT index entry for Titanic Blinky; publisher/label code resolves to Zeppelin Games.,Zeppelin Games,Publisher/label mention only,"Newcastle upon Tyne; seeded project context only, not proven by this magazine row",publisher only - North East attribution awaiting review,probable,"Demoted/kept out of confirmed because source row does not independently verify developer, employer, legal or location status."
connection:source-item-globalnet-spot-tai-chi-tortoise-zeppelin-games:zeppelin-games:probable,Zeppelin Games,probable,Spot On,SPOT FGAMES link 4824,http://www.users.globalnet.co.uk/~jg27paw4/spot-on/spotdata.zip,title: Tai-Chi Tortoise | printed_company: Zeppelin Games | summary/index: SPOT index entry for Tai-Chi Tortoise; publisher/label code resolves to Zeppelin Games.,Zeppelin Games,Publisher/label mention only,"Newcastle upon Tyne; seeded project context only, not proven by this magazine row",publisher only - North East attribution awaiting review,probable,"Demoted/kept out of confirmed because source row does not independently verify developer, employer, legal or location status."
connection:source-item-globalnet-spot-jocky-wilsons-compendium-of-darts-zeppelin-games:zeppelin-games:probable,Zeppelin Games,probable,Spot On,SPOT FGAMES link 4875,http://www.users.globalnet.co.uk/~jg27paw4/spot-on/spotdata.zip,title: Jocky Wilson's Compendium of Darts | printed_company: Zeppelin Games | summary/index: SPOT index entry for Jocky Wilson's Compendium of Darts; publisher/label code resolves to Zeppelin Games.,Zeppelin Games,Publisher/label mention only,"Newcastle upon Tyne; seeded project context only, not proven by this magazine row",publisher only - North East attribution awaiting review,probable,"Demoted/kept out of confirmed because source row does not independently verify developer, employer, legal or location status."
connection:source-item-globalnet-spot-santas-christmas-caper-zeppelin-games:zeppelin-games:probable,Zeppelin Games,probable,Spot On,SPOT FGAMES link 5025,http://www.users.globalnet.co.uk/~jg27paw4/spot-on/spotdata.zip,title: Santa's Christmas Caper | printed_company: Zeppelin Games | summary/index: SPOT index entry for Santa's Christmas Caper; publisher/label code resolves to Zeppelin Games.,Zeppelin Games,Publisher/label mention only,"Newcastle upon Tyne; seeded project context only, not proven by this magazine row",publisher only - North East attribution awaiting review,probable,"Demoted/kept out of confirmed because source row does not independently verify developer, employer, legal or location status."
connection:source-item-globalnet-spot-kawasaki-zeppelin-games:zeppelin-games:probable,Zeppelin Games,probable,Spot On,SPOT FGAMES link 5164,http://www.users.globalnet.co.uk/~jg27paw4/spot-on/spotdata.zip,title: Kawasaki | printed_company: Zeppelin Games | summary/index: SPOT index entry for Kawasaki; publisher/label code resolves to Zeppelin Games.,Zeppelin Games,Publisher/label mention only,"Newcastle upon Tyne; seeded project context only, not proven by this magazine row",publisher only - North East attribution awaiting review,probable,"Demoted/kept out of confirmed because source row does not independently verify developer, employer, legal or location status."
connection:source-item-globalnet-spot-q-10-tankbuster-zeppelin-games:zeppelin-games:probable,Zeppelin Games,probable,Spot On,SPOT FGAMES link 5241,http://www.users.globalnet.co.uk/~jg27paw4/spot-on/spotdata.zip,title: Q-10 Tankbuster | printed_company: Zeppelin Games | summary/index: SPOT index entry for Q-10 Tankbuster; publisher/label code resolves to Zeppelin Games.,Zeppelin Games,Publisher/label mention only,"Newcastle upon Tyne; seeded project context only, not proven by this magazine row",publisher only - North East attribution awaiting review,probable,"Demoted/kept out of confirmed because source row does not independently verify developer, employer, legal or location status."
connection:source-item-globalnet-spot-american-3d-pool-zeppelin-games:zeppelin-games:probable,Zeppelin Games,probable,Spot On,SPOT FGAMES link 5242,http://www.users.globalnet.co.uk/~jg27paw4/spot-on/spotdata.zip,title: American 3D Pool | printed_company: Zeppelin Games | summary/index: SPOT index entry for American 3D Pool; publisher/label code resolves to Zeppelin Games.,Zeppelin Games,Publisher/label mention only,"Newcastle upon Tyne; seeded project context only, not proven by this magazine row",publisher only - North East attribution awaiting review,probable,"Demoted/kept out of confirmed because source row does not independently verify developer, employer, legal or location status."
connection:source-item-globalnet-spot-hit-pack-1-zeppelin-games:zeppelin-games:probable,Zeppelin Games,probable,Spot On,SPOT FGAMES link 5261,http://www.users.globalnet.co.uk/~jg27paw4/spot-on/spotdata.zip,title: Hit Pack 1 | printed_company: Zeppelin Games | summary/index: SPOT index entry for Hit Pack 1; publisher/label code resolves to Zeppelin Games.,Zeppelin Games,Publisher/label mention only,"Newcastle upon Tyne; seeded project context only, not proven by this magazine row",publisher only - North East attribution awaiting review,probable,"Demoted/kept out of confirmed because source row does not independently verify developer, employer, legal or location status."
connection:source-item-globalnet-spot-american-tag-team-wrestling-zeppelin-games:zeppelin-games:probable,Zeppelin Games,probable,Spot On,SPOT FGAMES link 5268,http://www.users.globalnet.co.uk/~jg27paw4/spot-on/spotdata.zip,title: American Tag Team Wrestling | printed_company: Zeppelin Games | summary/index: SPOT index entry for American Tag Team Wrestling; publisher/label code resolves to Zeppelin Games.,Zeppelin Games,Publisher/label mention only,"Newcastle upon Tyne; seeded project context only, not proven by this magazine row",publisher only - North East attribution awaiting review,probable,"Demoted/kept out of confirmed because source row does not independently verify developer, employer, legal or location status."
connection:source-item-globalnet-spot-international-five-a-side-football-zeppelin-games:zeppelin-games:probable,Zeppelin Games,probable,Spot On,SPOT FGAMES link 5269,http://www.users.globalnet.co.uk/~jg27paw4/spot-on/spotdata.zip,title: International Five-a-Side Football | printed_company: Zeppelin Games | summary/index: SPOT index entry for International Five-a-Side Football; publisher/label code resolves to Zeppelin Games.,Zeppelin Games,Publisher/label mention only,"Newcastle upon Tyne; seeded project context only, not proven by this magazine row",publisher only - North East attribution awaiting review,probable,"Demoted/kept out of confirmed because source row does not independently verify developer, employer, legal or location status."
connection:source-item-globalnet-spot-championship-3d-snooker-zeppelin-games:zeppelin-games:probable,Zeppelin Games,probable,Spot On,SPOT FGAMES link 5270,http://www.users.globalnet.co.uk/~jg27paw4/spot-on/spotdata.zip,title: Championship 3D Snooker | printed_company: Zeppelin Games | summary/index: SPOT index entry for Championship 3D Snooker; publisher/label code resolves to Zeppelin Games.,Zeppelin Games,Publisher/label mention only,"Newcastle upon Tyne; seeded project context only, not proven by this magazine row",publisher only - North East attribution awaiting review,probable,"Demoted/kept out of confirmed because source row does not independently verify developer, employer, legal or location status."
connection:source-item-globalnet-spot-graeme-souness-soccer-manager-zeppelin-games:zeppelin-games:probable,Zeppelin Games,probable,Spot On,SPOT FGAMES link 5271,http://www.users.globalnet.co.uk/~jg27paw4/spot-on/spotdata.zip,title: Graeme Souness Soccer Manager | printed_company: Zeppelin Games | summary/index: SPOT index entry for Graeme Souness Soccer Manager; publisher/label code resolves to Zeppelin Games.,Zeppelin Games,Publisher/label mention only,"Newcastle upon Tyne; seeded project context only, not proven by this magazine row",publisher only - North East attribution awaiting review,probable,"Demoted/kept out of confirmed because source row does not independently verify developer, employer, legal or location status."
connection:source-item-globalnet-spot-hit-pack-2-zeppelin-games:zeppelin-games:probable,Zeppelin Games,probable,Spot On,SPOT FGAMES link 5276,http://www.users.globalnet.co.uk/~jg27paw4/spot-on/spotdata.zip,title: Hit Pack 2 | printed_company: Zeppelin Games | summary/index: SPOT index entry for Hit Pack 2; publisher/label code resolves to Zeppelin Games.,Zeppelin Games,Publisher/label mention only,"Newcastle upon Tyne; seeded project context only, not proven by this magazine row",publisher only - North East attribution awaiting review,probable,"Demoted/kept out of confirmed because source row does not independently verify developer, employer, legal or location status."
connection:source-item-globalnet-spot-sword-of-the-samurai-zeppelin-games:zeppelin-games:probable,Zeppelin Games,probable,Spot On,SPOT FGAMES link 5291,http://www.users.globalnet.co.uk/~jg27paw4/spot-on/spotdata.zip,title: Sword of the Samurai | printed_company: Zeppelin Games | summary/index: SPOT index entry for Sword of the Samurai; publisher/label code resolves to Zeppelin Games.,Zeppelin Games,Publisher/label mention only,"Newcastle upon Tyne; seeded project context only, not proven by this magazine row",publisher only - North East attribution awaiting review,probable,"Demoted/kept out of confirmed because source row does not independently verify developer, employer, legal or location status."
connection:source-item-globalnet-spot-international-tennis-zeppelin-games:zeppelin-games:probable,Zeppelin Games,probable,Spot On,SPOT FGAMES link 5294,http://www.users.globalnet.co.uk/~jg27paw4/spot-on/spotdata.zip,title: International Tennis | printed_company: Zeppelin Games | summary/index: SPOT index entry for International Tennis; publisher/label code resolves to Zeppelin Games.,Zeppelin Games,Publisher/label mention only,"Newcastle upon Tyne; seeded project context only, not proven by this magazine row",publisher only - North East attribution awaiting review,probable,"Demoted/kept out of confirmed because source row does not independently verify developer, employer, legal or location status."
connection:source-item-globalnet-spot-race-pack-4-zeppelin-games:zeppelin-games:probable,Zeppelin Games,probable,Spot On,SPOT FGAMES link 5297,http://www.users.globalnet.co.uk/~jg27paw4/spot-on/spotdata.zip,title: Race Pack 4 | printed_company: Zeppelin Games | summary/index: SPOT index entry for Race Pack 4; publisher/label code resolves to Zeppelin Games.,Zeppelin Games,Publisher/label mention only,"Newcastle upon Tyne; seeded project context only, not proven by this magazine row",publisher only - North East attribution awaiting review,probable,"Demoted/kept out of confirmed because source row does not independently verify developer, employer, legal or location status."
connection:source-item-globalnet-spot-all-american-basketball-zeppelin-games:zeppelin-games:probable,Zeppelin Games,probable,Spot On,SPOT FGAMES link 5307,http://www.users.globalnet.co.uk/~jg27paw4/spot-on/spotdata.zip,title: All-American Basketball | printed_company: Zeppelin Games | summary/index: SPOT index entry for All-American Basketball; publisher/label code resolves to Zeppelin Games.,Zeppelin Games,Publisher/label mention only,"Newcastle upon Tyne; seeded project context only, not proven by this magazine row",publisher only - North East attribution awaiting review,probable,"Demoted/kept out of confirmed because source row does not independently verify developer, employer, legal or location status."
connection:source-item-globalnet-spot-doc-crocs-outrageous-adventures-zeppelin-games:zeppelin-games:probable,Zeppelin Games,probable,Spot On,SPOT FGAMES link 5312,http://www.users.globalnet.co.uk/~jg27paw4/spot-on/spotdata.zip,title: Doc Croc's Outrageous Adventures | printed_company: Zeppelin Games | summary/index: SPOT index entry for Doc Croc's Outrageous Adventures; publisher/label code resolves to Zeppelin Games.,Zeppelin Games,Publisher/label mention only,"Newcastle upon Tyne; seeded project context only, not proven by this magazine row",publisher only - North East attribution awaiting review,probable,"Demoted/kept out of confirmed because source row does not independently verify developer, employer, legal or location status."
connection:source-item-globalnet-spot-world-rugby-zeppelin-games:zeppelin-games:probable,Zeppelin Games,probable,Spot On,SPOT FGAMES link 5319,http://www.users.globalnet.co.uk/~jg27paw4/spot-on/spotdata.zip,title: World Rugby | printed_company: Zeppelin Games | summary/index: SPOT index entry for World Rugby; publisher/label code resolves to Zeppelin Games.,Zeppelin Games,Publisher/label mention only,"Newcastle upon Tyne; seeded project context only, not proven by this magazine row",publisher only - North East attribution awaiting review,probable,"Demoted/kept out of confirmed because source row does not independently verify developer, employer, legal or location status."
connection:source-item-globalnet-spot-blinky-in-america-zeppelin-games:zeppelin-games:probable,Zeppelin Games,probable,Spot On,SPOT FGAMES link 5594,http://www.users.globalnet.co.uk/~jg27paw4/spot-on/spotdata.zip,title: Blinky in America | printed_company: Zeppelin Games | summary/index: SPOT index entry for Blinky in America; publisher/label code resolves to Zeppelin Games.,Zeppelin Games,Publisher/label mention only,"Newcastle upon Tyne; seeded project context only, not proven by this magazine row",publisher only - North East attribution awaiting review,probable,"Demoted/kept out of confirmed because source row does not independently verify developer, employer, legal or location status."
connection:source-item-globalnet-spot-combat-pack-3-zeppelin-games:zeppelin-games:probable,Zeppelin Games,probable,Spot On,SPOT FGAMES link 5610,http://www.users.globalnet.co.uk/~jg27paw4/spot-on/spotdata.zip,title: Combat Pack 3 | printed_company: Zeppelin Games | summary/index: SPOT index entry for Combat Pack 3; publisher/label code resolves to Zeppelin Games.,Zeppelin Games,Publisher/label mention only,"Newcastle upon Tyne; seeded project context only, not proven by this magazine row",publisher only - North East attribution awaiting review,probable,"Demoted/kept out of confirmed because source row does not independently verify developer, employer, legal or location status."
connection:source-item-globalnet-spot-zeppelin-games-zeppelin-games:zeppelin-games:probable,Zeppelin Games,probable,Spot On,SPOT FGAMES link 6006,http://www.users.globalnet.co.uk/~jg27paw4/spot-on/spotdata.zip,title: Zeppelin Games | printed_company: Zeppelin Games | summary/index: SPOT index entry for Zeppelin Games; publisher/label code resolves to Zeppelin Games.,Zeppelin Games,Publisher/label mention only,"Newcastle upon Tyne; seeded project context only, not proven by this magazine row",publisher only - North East attribution awaiting review,probable,"Demoted/kept out of confirmed because source row does not independently verify developer, employer, legal or location status."
connection:source-item-globalnet-spot-chinatown-zeppelin-games:zeppelin-games:probable,Zeppelin Games,probable,Spot On,SPOT FGAMES link 6103,http://www.users.globalnet.co.uk/~jg27paw4/spot-on/spotdata.zip,title: Chinatown | printed_company: Zeppelin Games | summary/index: SPOT index entry for Chinatown; publisher/label code resolves to Zeppelin Games.,Zeppelin Games,Publisher/label mention only,"Newcastle upon Tyne; seeded project context only, not proven by this magazine row",publisher only - North East attribution awaiting review,probable,"Demoted/kept out of confirmed because source row does not independently verify developer, employer, legal or location status."
connection:source-item-globalnet-spot-battle-tank-simulator-zeppelin-games:zeppelin-games:probable,Zeppelin Games,probable,Spot On,SPOT FGAMES link 6612,http://www.users.globalnet.co.uk/~jg27paw4/spot-on/spotdata.zip,title: Battle Tank Simulator | printed_company: Zeppelin Games | summary/index: SPOT index entry for Battle Tank Simulator; publisher/label code resolves to Zeppelin Games.,Zeppelin Games,Publisher/label mention only,"Newcastle upon Tyne; seeded project context only, not proven by this magazine row",publisher only - North East attribution awaiting review,probable,"Demoted/kept out of confirmed because source row does not independently verify developer, employer, legal or location status."
connection:source-item-globalnet-spot-bionic-ninja-zeppelin-games:zeppelin-games:probable,Zeppelin Games,probable,Spot On,SPOT FGAMES link 7489,http://www.users.globalnet.co.uk/~jg27paw4/spot-on/spotdata.zip,title: Bionic Ninja | printed_company: Zeppelin Games | summary/index: SPOT index entry for Bionic Ninja; publisher/label code resolves to Zeppelin Games.,Zeppelin Games,Publisher/label mention only,"Newcastle upon Tyne; seeded project context only, not proven by this magazine row",publisher only - North East attribution awaiting review,probable,"Demoted/kept out of confirmed because source row does not independently verify developer, employer, legal or location status."
